lang,author,period,year,title,variant,rep,n_ipi,alpha,beta,winner,weibull_delta_aic,geometric_delta_aic,nbinom_delta_aic,lognormal_delta_aic
de,fontane,early,1882,L'Adultera,real,0,8226,1.5946881709556726,6.737507016838464,nbinom,142.9210145417601,2499.1782470073013,0.0,1532.3999197104713
de,fontane,early,1882,L'Adultera,shuffled,0,8226,1.0149560356925866,6.056579428470607,nbinom,0.236156066894182,0.8521822903858265,0.0,1427.1416391597013
de,fontane,early,1882,L'Adultera,shuffled,1,8226,1.001460147145211,6.024003980640256,geometric,1.9746020327147562,0.0,1.9272187526294147,1391.7493255890513
de,fontane,early,1882,L'Adultera,shuffled,2,8226,0.9956871783805878,6.008906712358205,geometric,1.7779477337608114,0.0,1.795295903502847,1434.9922846855188
de,fontane,early,1882,L'Adultera,shuffled,3,8226,1.0126690602834227,6.051398691032223,geometric,0.12755273697985103,0.0,0.32805765791999875,1434.2725911284942
de,fontane,early,1882,L'Adultera,shuffled,4,8226,1.0002617148630986,6.019418480519443,geometric,1.9991926208895165,0.0,1.9990244852306205,1524.107231965194
de,fontane,early,1882,L'Adultera,shuffled,5,8226,1.0089392678013571,6.042257580757427,geometric,1.054058721383626,0.0,0.9144101840793155,1340.8125059572558
de,fontane,early,1882,L'Adultera,shuffled,6,8226,1.0030583216976228,6.028243891285349,geometric,1.8893971752331709,0.0,1.9151431896389113,1414.4487739827528
de,fontane,early,1882,L'Adultera,shuffled,7,8226,1.0033536786013468,6.0274390569101,geometric,1.8664736628707033,0.0,1.8043239512335276,1393.921832991764
de,fontane,early,1882,L'Adultera,shuffled,8,8226,0.9920837841966706,5.998327950005501,geometric,1.2447899606777355,0.0,1.419113613308582,1389.6880465593713
de,fontane,early,1882,L'Adultera,shuffled,9,8226,1.0010944356587252,6.021709173434557,geometric,1.98575001124118,0.0,1.979490517602244,1382.8922831026139
de,fontane,early,1882,L'Adultera,shuffled,10,8226,1.0058717414693477,6.035298020570016,geometric,1.5898238572990522,0.0,1.449573384874384,1314.0820067598834
de,fontane,early,1882,L'Adultera,shuffled,11,8226,0.9863629619381113,5.983448739113328,weibull,0.0,0.26359357751061907,0.3023789917860995,1323.5257835208686
de,fontane,early,1882,L'Adultera,shuffled,12,8226,1.0065537753688387,6.035887176746151,geometric,1.4930180772498716,0.0,1.4665607812203234,1392.5445947354165
de,fontane,early,1882,L'Adultera,shuffled,13,8226,1.0051076629131859,6.03283694131448,geometric,1.6949043538188562,0.0,1.8296592477709055,1523.5774570956055
de,fontane,early,1882,L'Adultera,shuffled,14,8226,1.0038219987054675,6.0284865701749375,geometric,1.8278584455983946,0.0,1.8711018874309957,1454.7551140492142
de,fontane,early,1882,L'Adultera,shuffled,15,8226,0.9918429676142151,5.9970874613959415,geometric,1.1999589899423881,0.0,1.0840905607910827,1310.5434649990057
de,fontane,early,1882,L'Adultera,shuffled,16,8226,1.0072080068679408,6.037490927060688,geometric,1.3833380471623968,0.0,1.096306799649028,1368.2183771279088
de,fontane,early,1882,L'Adultera,shuffled,17,8226,0.997397286551527,6.012679239873215,geometric,1.9194490516892984,0.0,1.89574835444364,1436.3358201445444
de,fontane,early,1882,L'Adultera,shuffled,18,8226,1.0077171307548862,6.040169101998723,geometric,1.2914482271226007,0.0,0.9822439144409145,1312.1313166734253
de,fontane,early,1882,L'Adultera,shuffled,19,8226,0.982025533177368,5.9707196229898685,weibull,0.0,1.974138182020397,0.9704437065884122,1332.0016489199697
de,fontane,early,1882,L'Adultera,shuffled,20,8226,0.9752594479996994,5.952940122487682,nbinom,0.04953479603136657,5.566641813682509,0.0,1321.053047448484
de,fontane,early,1882,L'Adultera,shuffled,21,8226,0.9828184055957477,5.97363445229644,nbinom,0.4135235457724775,1.9844197053316748,0.0,1395.744282223517
de,fontane,early,1882,L'Adultera,shuffled,22,8226,0.9928865286933525,6.000405141671882,geometric,1.3939566471235594,0.0,1.4302432924014283,1447.8562739620538
de,fontane,early,1882,L'Adultera,shuffled,23,8226,1.0044501495910765,6.031310200111149,geometric,1.7671619353204733,0.0,1.885587489909085,1434.6672866527952
de,fontane,early,1882,L'Adultera,shuffled,24,8226,1.002521778273532,6.025626703919849,geometric,1.9249968039657688,0.0,1.9458802154986188,1482.4937702248208
de,fontane,early,1882,L'Adultera,shuffled,25,8226,0.9825675812429582,5.972057119159961,nbinom,0.04816509151714854,1.7317207135929493,0.0,1414.1148411246613
de,fontane,early,1882,L'Adultera,shuffled,26,8226,0.9916926206008265,5.997063538758793,geometric,1.1876055854154401,0.0,0.3346141137444647,1532.0204405298864
de,fontane,early,1882,L'Adultera,shuffled,27,8226,1.000319548409848,6.018717711512375,geometric,1.9987884551519528,0.0,1.991743016980763,1463.822321357351
de,fontane,early,1882,L'Adultera,shuffled,28,8226,0.9965164639835054,6.011227108925523,geometric,1.8557146394377924,0.0,1.8280800103821093,1461.7819825761253
de,fontane,early,1882,L'Adultera,shuffled,29,8226,0.9902248479686828,5.992708891585349,geometric,0.8638160762857297,0.0,0.2719532128612627,1473.2673278196598
de,fontane,early,1882,L'Adultera,shuffled,30,8226,0.9950677381604829,6.006772774050763,geometric,1.7087330372960423,0.0,1.769729296094738,1422.0427356103319
de,fontane,early,1882,L'Adultera,shuffled,31,8226,1.003865727646795,6.026546601654109,geometric,1.8231126952596242,0.0,1.787666046540835,1431.4664019109914
de,fontane,early,1882,L'Adultera,shuffled,32,8226,1.0099500730450692,6.043532374591666,geometric,0.8352203914546408,0.0,0.6750237108353758,1429.6649492699798
de,fontane,early,1882,L'Adultera,shuffled,33,8226,1.0006517599469444,6.020799650503453,geometric,1.9949633319702116,0.0,1.998846919479547,1378.3989504384153
de,fontane,early,1882,L'Adultera,shuffled,34,8226,1.0091565708313723,6.0427187424238955,geometric,1.016276547932648,0.0,1.1136835840297863,1405.4246880449646
de,fontane,early,1882,L'Adultera,shuffled,35,8226,0.9973628767266777,6.012570560552042,geometric,1.916852478068904,0.0,1.9711189810768701,1426.9148425271414
de,fontane,early,1882,L'Adultera,shuffled,36,8226,0.9905055419584947,5.994265175301722,geometric,0.915075119555695,0.0,1.1238681027898565,1446.2662597909148
de,fontane,early,1882,L'Adultera,shuffled,37,8226,1.0030419004008324,6.028045287446094,geometric,1.8882665655546589,0.0,1.640487628770643,1196.3797342724138
de,fontane,early,1882,L'Adultera,shuffled,38,8226,0.9963829925881157,6.0098693298573345,geometric,1.8433375531385536,0.0,1.9328622061439091,1434.0325300510885
de,fontane,early,1882,L'Adultera,shuffled,39,8226,0.990395331359631,5.9948727931038,geometric,0.8943318971432745,0.0,0.8209407946269494,1440.7840033529574
de,fontane,early,1882,L'Adultera,shuffled,40,8226,1.0042224770394155,6.029161717260025,geometric,1.7895304066696553,0.0,1.7989262670234893,1438.112892739351
de,fontane,early,1882,L'Adultera,shuffled,41,8226,1.0051772682700224,6.032820328533395,geometric,1.684050838179246,0.0,1.6490074411412934,1485.7727818139101
de,fontane,early,1882,L'Adultera,shuffled,42,8226,0.996199804532677,6.0094978982507286,geometric,1.8267145666250144,0.0,1.9022690774436342,1380.747302406162
de,fontane,early,1882,L'Adultera,shuffled,43,8226,1.003386764963866,6.027908438605452,geometric,1.8633058668929152,0.0,1.7527730672445614,1351.9314593249292
de,fontane,early,1882,L'Adultera,shuffled,44,8226,0.9912925312570103,5.995848285333622,geometric,1.0947732322310912,0.0,0.9959915519139031,1484.9861672201296
de,fontane,early,1882,L'Adultera,shuffled,45,8226,0.9927287226635375,5.99930125391626,geometric,1.3702385865544784,0.0,1.173131378753169,1449.3154869744176
de,fontane,early,1882,L'Adultera,shuffled,46,8226,0.9953385479904302,6.008115878695076,geometric,1.7407366608749726,0.0,1.725695320936211,1436.6809673206662
de,fontane,early,1882,L'Adultera,shuffled,47,8226,1.0013803920284912,6.022700709117258,geometric,1.9772724151844159,0.0,1.935523125997861,1380.774328733518
de,fontane,early,1882,L'Adultera,shuffled,48,8226,1.0050841401795307,6.0325365363343355,geometric,1.697609066410223,0.0,1.8648436972434865,1490.552476867888
de,fontane,early,1882,L'Adultera,shuffled,49,8226,0.9957448239925374,6.008815913895107,geometric,1.7839137316914275,0.0,1.763533328747144,1413.544060113818
de,fontane,early,1882,L'Adultera,bernoulli,0,8226,1.0002372566554083,6.020330983887721,geometric,1.9993344752001576,0.0,1.9948622649244498,1423.6983077069744
de,fontane,early,1882,L'Adultera,bernoulli,1,8226,0.998026782317532,6.013473754191709,geometric,1.9537445634268806,0.0,1.9238428280586959,1414.4331661088436
de,fontane,early,1882,L'Adultera,bernoulli,2,8226,1.0117068865578989,6.049387695284061,geometric,0.4100209178868681,0.0,0.8797215122031048,1468.286098255856
de,fontane,early,1882,L'Adultera,bernoulli,3,8226,1.000155212530178,6.018045862743033,geometric,1.999716584199632,0.0,1.9936914761201479,1522.0513457113993
de,fontane,early,1882,L'Adultera,bernoulli,4,8226,1.0136231877756796,6.054139215713889,nbinom,0.09653024141152855,0.2717891691281693,0.0,1379.1915548086326
de,fontane,early,1882,L'Adultera,bernoulli,5,8226,1.0078232591549803,6.039184115376876,geometric,1.282226699986495,0.0,1.468622309359489,1426.9045862286584
de,fontane,early,1882,L'Adultera,bernoulli,6,8226,1.00240397399343,6.025917315158265,geometric,1.9321530127926962,0.0,1.9876066203723894,1508.8872767758585
de,fontane,early,1882,L'Adultera,bernoulli,7,8226,1.005485673292843,6.030654574466475,geometric,1.6470125774067128,0.0,1.7687524911598302,1464.1664016698487
de,fontane,early,1882,L'Adultera,bernoulli,8,8226,0.9912591333041918,5.995108315945751,geometric,1.076095901466033,0.0,1.3642205582073075,1354.543463861075
de,fontane,early,1882,L'Adultera,bernoulli,9,8226,1.0106873313036457,6.04661928121585,nbinom,0.698808633707813,0.05175914712890517,0.0,1376.2985967910645
de,fontane,early,1882,L'Adultera,bernoulli,10,8226,0.9888563241172128,5.990419778151555,geometric,0.5007521067527705,0.0,0.7077640203351621,1411.8654564821554
de,fontane,early,1882,L'Adultera,bernoulli,11,8226,0.9934196222702402,6.001897001212693,geometric,1.4861737449173233,0.0,1.2022520588798216,1490.7342190253694
de,fontane,early,1882,L'Adultera,bernoulli,12,8226,1.0177846184265014,6.064652162049367,weibull,0.0,1.6628439341875492,0.16473145790951094,1493.730567959472
de,fontane,early,1882,L'Adultera,bernoulli,13,8226,1.014716245596785,6.056364210753271,weibull,0.0,0.5177787440770771,0.32716455770423636,1430.9719036237439
de,fontane,early,1882,L'Adultera,bernoulli,14,8226,0.9928907385963681,6.0005349086551245,geometric,1.3944358914086479,0.0,1.3776170366982115,1425.2576168850792
de,fontane,early,1882,L'Adultera,bernoulli,15,8226,0.996441387785366,6.009332836232894,geometric,1.8496458819499821,0.0,1.765460434704437,1451.0918349756103
de,fontane,early,1882,L'Adultera,bernoulli,16,8226,1.0236746734544044,6.078994299062429,weibull,0.0,4.435345064644935,0.5547887756256387,1467.570296200589
de,fontane,early,1882,L'Adultera,bernoulli,17,8226,1.003951956099517,6.029693047900931,geometric,1.8155697156398674,0.0,1.8800311742234044,1378.4958864870714
de,fontane,early,1882,L'Adultera,bernoulli,18,8226,0.9869742581262599,5.982486236714437,weibull,0.0,0.05746779608307406,0.20851995394332334,1343.4122889093123
de,fontane,early,1882,L'Adultera,bernoulli,19,8226,0.9989960463741119,6.016257235220267,geometric,1.9881131120491773,0.0,1.9360150765278377,1479.1387484109873
de,fontane,early,1882,L'Adultera,bernoulli,20,8226,0.992938722806286,6.000475528277038,geometric,1.406017838009575,0.0,1.3033497007127153,1498.2482608357532
de,fontane,early,1882,L'Adultera,bernoulli,21,8226,1.0230203831370743,6.078476499580615,nbinom,1.7760211117274594,6.012814922985854,0.0,1291.5948811569106
de,fontane,early,1882,L'Adultera,bernoulli,22,8226,0.9971093349753535,6.01265382394763,geometric,1.9006301497865934,0.0,1.8238424484734423,1393.9078681745377
de,fontane,early,1882,L'Adultera,bernoulli,23,8226,1.002561083530615,6.026728095050181,geometric,1.9221179798041703,0.0,1.8545087213860825,1435.266070826925
de,fontane,early,1882,L'Adultera,bernoulli,24,8226,0.987603670711489,5.987183431329701,geometric,0.14482952882826794,0.0,0.06360423090518452,1374.917120457052
de,fontane,early,1882,L'Adultera,bernoulli,25,8226,0.9926501130792822,6.000938162767381,geometric,1.3504221786206472,0.0,1.3909489557263441,1353.4723497089071
de,fontane,early,1882,L'Adultera,bernoulli,26,8226,0.9903693657594466,5.994134766848195,geometric,0.8819315815708251,0.0,1.2710454015104915,1489.7943467472287
de,fontane,early,1882,L'Adultera,bernoulli,27,8226,1.0076490028038876,6.038621919970184,geometric,1.313597060579923,0.0,1.4126829469460063,1451.3187752561644
de,fontane,early,1882,L'Adultera,bernoulli,28,8226,1.0144728329517854,6.0564861559282335,weibull,0.0,0.4336023257492343,0.3785488627909217,1427.0730529046123
de,fontane,early,1882,L'Adultera,bernoulli,29,8226,1.0012205685114357,6.022894529842475,geometric,1.9822305691923248,0.0,1.9421075017817202,1378.1760724890046
de,fontane,early,1882,L'Adultera,bernoulli,30,8226,0.9954079482828673,6.00750593302106,geometric,1.7462194480685866,0.0,1.8461231029723422,1322.3059060017113
de,fontane,early,1882,L'Adultera,bernoulli,31,8226,0.9902323367336205,5.991149595236687,geometric,0.8564134829721297,0.0,0.7272347084144712,1411.6598750716803
de,fontane,early,1882,L'Adultera,bernoulli,32,8226,1.0168117006393596,6.06210443834067,nbinom,0.08802851847576676,1.392594574514078,0.0,1353.7298442196625
de,fontane,early,1882,L'Adultera,bernoulli,33,8226,0.9980041152811249,6.01488896029989,geometric,1.9528635738533922,0.0,1.9028096522233682,1489.0530632637237
de,fontane,early,1882,L'Adultera,bernoulli,34,8226,1.021866205357973,6.074988964109981,weibull,0.0,3.52768167440081,0.5098771971534006,1388.5968070003291
de,fontane,early,1882,L'Adultera,bernoulli,35,8226,1.0150630789843227,6.058924467995625,nbinom,0.7935072751351981,1.4758180437929695,0.0,1293.82666151163
de,fontane,early,1882,L'Adultera,bernoulli,36,8226,1.000812709421231,6.02171215260526,geometric,1.9921053335347096,0.0,1.9498944049046258,1390.619764902338
de,fontane,early,1882,L'Adultera,bernoulli,37,8226,1.0042423151049737,6.02979251918899,geometric,1.7886080999232945,0.0,1.817978810693603,1518.1068588440248
de,fontane,early,1882,L'Adultera,bernoulli,38,8226,0.9982130418357141,6.014685431274509,geometric,1.9619640638265992,0.0,1.9605545722151874,1403.227628866778
de,fontane,early,1882,L'Adultera,bernoulli,39,8226,0.998749402363875,6.01461348744207,geometric,1.9812266208900837,0.0,1.996269825278432,1376.8625288523472
de,fontane,early,1882,L'Adultera,bernoulli,40,8226,1.0053931137312249,6.032534046753915,geometric,1.6568152473773807,0.0,1.7219017158349743,1398.1131345474932
de,fontane,early,1882,L'Adultera,bernoulli,41,8226,1.0146170608726657,6.054780397319908,nbinom,0.37279896988911787,0.8770114574217587,0.0,1427.2887987681534
de,fontane,early,1882,L'Adultera,bernoulli,42,8226,1.010582667649663,6.04626323227904,geometric,0.6919654164812528,0.0,0.9677230093875551,1438.6212629778965
de,fontane,early,1882,L'Adultera,bernoulli,43,8226,1.0011470206854027,6.023059603682253,geometric,1.9844026306454907,0.0,1.9887301357084652,1418.2743167371518
de,fontane,early,1882,L'Adultera,bernoulli,44,8226,1.0075447072316177,6.0385820504782615,geometric,1.3331664117213222,0.0,1.362068582289794,1509.8779572607891
de,fontane,early,1882,L'Adultera,bernoulli,45,8226,0.9982268489283033,6.013743901039274,geometric,1.9624810377863469,0.0,1.9762866999517428,1400.046959879648
de,fontane,early,1882,L'Adultera,bernoulli,46,8226,0.9994361646671048,6.0177550182542765,geometric,1.9961984361580107,0.0,1.9901068808248965,1408.8841335953693
de,fontane,early,1882,L'Adultera,bernoulli,47,8226,1.0100822704520926,6.045443862244099,geometric,0.8051609604735859,0.0,0.6354946687279153,1449.4672244974863
de,fontane,early,1882,L'Adultera,bernoulli,48,8226,1.0057955613698122,6.033704948195238,geometric,1.602699146809755,0.0,1.5288754687207984,1414.7235885629052
de,fontane,early,1882,L'Adultera,bernoulli,49,8226,1.0033347720023624,6.028536935891603,geometric,1.870085153648688,0.0,1.9585743062270922,1560.343801823532
de,fontane,late,1898,Der_Stechlin,real,0,23669,1.715581547185677,6.673470813038525,nbinom,640.4001000385906,9694.607022307377,0.0,2924.2405014614196
de,fontane,late,1898,Der_Stechlin,shuffled,0,23669,0.9984365468859859,5.918692307816271,geometric,1.9163686396204866,0.0,1.9362220218172297,4016.4094528209243
de,fontane,late,1898,Der_Stechlin,shuffled,1,23669,0.9973376691177107,5.915560548178247,geometric,1.7572873068857007,0.0,1.7458898584591225,3977.350773641141
de,fontane,late,1898,Der_Stechlin,shuffled,2,23669,0.9983490519734189,5.918513732281818,geometric,1.9069120392668992,0.0,1.8590469876071438,4030.909349894733
de,fontane,late,1898,Der_Stechlin,shuffled,3,23669,0.9983899067191407,5.918108321015059,geometric,1.9113646959303878,0.0,1.8880266426422168,3994.251043365366
de,fontane,late,1898,Der_Stechlin,shuffled,4,23669,1.0007482623443975,5.9238217444794365,geometric,1.9808928911515977,0.0,1.9542038547806442,4043.1889441385865
de,fontane,late,1898,Der_Stechlin,shuffled,5,23669,0.9884849961005757,5.892613195713439,nbinom,0.3332864549010992,2.9119517185608856,0.0,3998.4333695530077
de,fontane,late,1898,Der_Stechlin,shuffled,6,23669,0.9924109102579884,5.902350986355131,geometric,0.022274788439972326,0.0,0.05793927953345701,4194.959376775805
de,fontane,late,1898,Der_Stechlin,shuffled,7,23669,0.9956719362081756,5.911051601733352,geometric,1.3589178279216867,0.0,1.3465995121805463,4132.224911758065
de,fontane,late,1898,Der_Stechlin,shuffled,8,23669,0.9975794340216506,5.915938382733257,geometric,1.799793167912867,0.0,1.770573134883307,4062.1403476140986
de,fontane,late,1898,Der_Stechlin,shuffled,9,23669,1.003121189176733,5.929776047940353,geometric,1.6691225808754098,0.0,1.6234598089649808,4135.675999904226
de,fontane,late,1898,Der_Stechlin,shuffled,10,23669,0.9916099600986412,5.899790987502843,weibull,0.0,0.4347618029860314,0.06418813011259772,3837.1918725403375
de,fontane,late,1898,Der_Stechlin,shuffled,11,23669,1.0051394582289448,5.934702873973253,geometric,1.100264520762721,0.0,0.7810976287291851,3978.4649180990236
de,fontane,late,1898,Der_Stechlin,shuffled,12,23669,0.9978472692249931,5.917169061627172,geometric,1.841154961148277,0.0,1.9087795885279775,4004.1630587018735
de,fontane,late,1898,Der_Stechlin,shuffled,13,23669,0.9940363738682552,5.907274306053552,geometric,0.775893441576045,0.0,1.003222279396141,4037.0095902369067
de,fontane,late,1898,Der_Stechlin,shuffled,14,23669,0.9943271391069866,5.907784687304873,geometric,0.8934125417727046,0.0,0.9985311967902817,4012.3460651998175
de,fontane,late,1898,Der_Stechlin,shuffled,15,23669,1.0018729181517936,5.927301678564749,geometric,1.8797208865580615,0.0,1.645371844759211,3906.470347888797
de,fontane,late,1898,Der_Stechlin,shuffled,16,23669,1.000108237303506,5.922690421600114,geometric,1.999603469739668,0.0,1.9864316562598106,4303.665788843413
de,fontane,late,1898,Der_Stechlin,shuffled,17,23669,1.0018276834568018,5.926830493288831,geometric,1.8862480984826107,0.0,1.8678193812665995,4057.3279687059985
de,fontane,late,1898,Der_Stechlin,shuffled,18,23669,0.9976648209629992,5.916743596973933,geometric,1.8132185973227024,0.0,1.8711162953695748,4037.424699790019
de,fontane,late,1898,Der_Stechlin,shuffled,19,23669,1.0020965687739345,5.92759792133419,geometric,1.8505146842508111,0.0,1.8021941597689874,4129.0201093116775
de,fontane,late,1898,Der_Stechlin,shuffled,20,23669,0.9978435602573335,5.91696328297729,geometric,1.8414921077492181,0.0,1.6913936116616242,4033.979064858868
de,fontane,late,1898,Der_Stechlin,shuffled,21,23669,1.001066994233418,5.925476881626673,geometric,1.9613605029298924,0.0,1.9999901226256043,4063.294614074024
de,fontane,late,1898,Der_Stechlin,shuffled,22,23669,1.0016509218593903,5.9266031522212,geometric,1.9067129952600226,0.0,1.7711806563893333,3919.4565896144486
de,fontane,late,1898,Der_Stechlin,shuffled,23,23669,0.988972721089363,5.893680180033849,weibull,0.0,2.202995582803851,0.13237216402194463,4051.8578430373163
de,fontane,late,1898,Der_Stechlin,shuffled,24,23669,1.0013829571207407,5.925786626589679,geometric,1.9347050921642222,0.0,1.9116130713373423,3917.0831256339443
de,fontane,late,1898,Der_Stechlin,shuffled,25,23669,0.9982358517601853,5.918273831799375,geometric,1.8941139920498244,0.0,1.7958197685074992,4180.354999118281
de,fontane,late,1898,Der_Stechlin,shuffled,26,23669,0.9932919244231095,5.905120313680763,geometric,0.4573036538204178,0.0,0.4192039404879324,4176.827168895048
de,fontane,late,1898,Der_Stechlin,shuffled,27,23669,1.0002934407197848,5.922955579317575,geometric,1.9970485016237944,0.0,1.9784221382869873,3897.5739640682004
de,fontane,late,1898,Der_Stechlin,shuffled,28,23669,1.0057502175314053,5.937323874256333,geometric,0.8846089281432796,0.0,0.9989037584455218,4237.8523377352685
de,fontane,late,1898,Der_Stechlin,shuffled,29,23669,1.003675264007982,5.932082994435357,geometric,1.540441765653668,0.0,1.4093809826590586,4055.5600981746684
de,fontane,late,1898,Der_Stechlin,shuffled,30,23669,1.0119448843564416,5.952802084062807,weibull,0.0,2.7693163549993187,0.5274633181688841,4255.694215971016
de,fontane,late,1898,Der_Stechlin,shuffled,31,23669,0.9937847065445143,5.906347202924049,geometric,0.6673128007387277,0.0,0.7748925600608345,3881.645262289734
de,fontane,late,1898,Der_Stechlin,shuffled,32,23669,0.9982093562738211,5.917752940461204,geometric,1.8914965596341062,0.0,1.5743916057108436,4251.491585652984
de,fontane,late,1898,Der_Stechlin,shuffled,33,23669,1.0147576196623282,5.959857871279063,nbinom,0.08692244556732476,5.389875678345561,0.0,4089.850138282927
de,fontane,late,1898,Der_Stechlin,shuffled,34,23669,1.009148484671106,5.945796174665754,weibull,0.0,0.8255071375169791,0.15928318208898418,3973.423931806494
de,fontane,late,1898,Der_Stechlin,shuffled,35,23669,0.9971627889105278,5.914786038897578,geometric,1.7252843517053407,0.0,1.6862835788342636,4163.429727513605
de,fontane,late,1898,Der_Stechlin,shuffled,36,23669,1.0004043975105392,5.923748761039963,geometric,1.994388984690886,0.0,1.950452592165675,3892.2086136497674
de,fontane,late,1898,Der_Stechlin,shuffled,37,23669,1.0031395997553,5.9304352391244635,geometric,1.6672383326222189,0.0,1.7960812404053286,4271.495354854473
de,fontane,late,1898,Der_Stechlin,shuffled,38,23669,1.0069290537031528,5.940397350202045,geometric,0.37718298484105617,0.0,0.3022024037200026,4137.469021870027
de,fontane,late,1898,Der_Stechlin,shuffled,39,23669,0.9896508270018644,5.895663270805291,weibull,0.0,1.7155091816093773,0.612061717081815,3941.216952158691
de,fontane,late,1898,Der_Stechlin,shuffled,40,23669,0.9984210358899603,5.918779038687667,geometric,1.914671531820204,0.0,1.9528198704938404,4051.337318121863
de,fontane,late,1898,Der_Stechlin,shuffled,41,23669,1.000751563991384,5.924673529550276,geometric,1.980807047279086,0.0,1.9913025098794606,4159.6549900256505
de,fontane,late,1898,Der_Stechlin,shuffled,42,23669,1.0093404444392455,5.946234540013929,weibull,0.0,0.9353739139332902,0.23555666508036666,4120.779943148664
de,fontane,late,1898,Der_Stechlin,shuffled,43,23669,1.006645799959697,5.939106573303532,geometric,0.5108859195897821,0.0,0.7368977723817807,4189.767091840069
de,fontane,late,1898,Der_Stechlin,shuffled,44,23669,0.992410446470669,5.902911857449625,geometric,0.009803970984648913,0.0,0.2528555428434629,3909.6929480083345
de,fontane,late,1898,Der_Stechlin,shuffled,45,23669,1.004737464476515,5.933628222658781,geometric,1.237774672510568,0.0,1.1047463857685216,4023.7430881155306
de,fontane,late,1898,Der_Stechlin,shuffled,46,23669,1.0009236012370146,5.924691297881386,geometric,1.9709641890367493,0.0,1.9777303262380883,4084.5095437277923
de,fontane,late,1898,Der_Stechlin,shuffled,47,23669,1.0096574009682633,5.94729499818218,weibull,0.0,1.1495195899915416,0.10529564559692517,3914.259367042483
de,fontane,late,1898,Der_Stechlin,shuffled,48,23669,1.0097075006736311,5.946089171003289,nbinom,0.11247131403069943,1.2824435325164814,0.0,4191.479918065394
de,fontane,late,1898,Der_Stechlin,shuffled,49,23669,1.0012517630202606,5.925784061621457,geometric,1.9466410632885527,0.0,1.9562457867432386,4049.4596317089745
de,fontane,late,1898,Der_Stechlin,bernoulli,0,23669,0.9982373375239411,5.917842326691135,geometric,1.8937486353970598,0.0,1.9160386915900744,4060.7072811702965
de,fontane,late,1898,Der_Stechlin,bernoulli,1,23669,1.0014877313682198,5.926013389418483,geometric,1.92434877587948,0.0,1.7892324381973594,4021.8468663563253
de,fontane,late,1898,Der_Stechlin,bernoulli,2,23669,0.9942320390495888,5.907847684162837,geometric,0.8518966226256453,0.0,1.1280979868315626,3920.0129107907414
de,fontane,late,1898,Der_Stechlin,bernoulli,3,23669,0.9992476428456717,5.920528775248056,geometric,1.980726585170487,0.0,1.921259560098406,4048.8875499902642
de,fontane,late,1898,Der_Stechlin,bernoulli,4,23669,1.0042066986758487,5.933535417784612,geometric,1.3962686619197484,0.0,1.1159737102861982,3928.0321004098514
de,fontane,late,1898,Der_Stechlin,bernoulli,5,23669,0.9942831360814003,5.90709676808984,geometric,0.8728094740072265,0.0,1.0214070965303108,3874.211117218394
de,fontane,late,1898,Der_Stechlin,bernoulli,6,23669,0.9977769581601358,5.916620150813863,geometric,1.8314180297602434,0.0,1.7789167936716694,4084.2935218261555
de,fontane,late,1898,Der_Stechlin,bernoulli,7,23669,1.005433668329224,5.935661726145883,geometric,1.0001608711609151,0.0,1.1044886963209137,4069.7744495446095
de,fontane,late,1898,Der_Stechlin,bernoulli,8,23669,0.9909260907820034,5.898321277471082,weibull,0.0,0.8525153297814541,0.49771295982645825,3944.773889270029
de,fontane,late,1898,Der_Stechlin,bernoulli,9,23669,1.00865399619288,5.943345889483209,nbinom,0.7906707410875242,1.3343836179701611,0.0,3966.2497165405657
de,fontane,late,1898,Der_Stechlin,bernoulli,10,23669,1.0021237710862065,5.927578938414927,geometric,1.8468418793927412,0.0,1.9000341431819834,4061.6572480695613
de,fontane,late,1898,Der_Stechlin,bernoulli,11,23669,0.9969047333906511,5.9137080790265735,geometric,1.670660383766517,0.0,1.7874566966493148,3908.3708448138495
de,fontane,late,1898,Der_Stechlin,bernoulli,12,23669,1.0012284634493114,5.925336153623955,geometric,1.9488455856626388,0.0,1.9866072998556774,4184.941334665578
de,fontane,late,1898,Der_Stechlin,bernoulli,13,23669,0.991710911429939,5.901286099834724,nbinom,0.40771553106606007,0.7657671725901309,0.0,4110.675000543124
de,fontane,late,1898,Der_Stechlin,bernoulli,14,23669,0.9993524800713558,5.921054439869268,geometric,1.9857580421958119,0.0,1.975833631149726,4275.868839502247
de,fontane,late,1898,Der_Stechlin,bernoulli,15,23669,1.006294629161446,5.938297751733035,geometric,0.6533465558313765,0.0,0.5073053677042481,3888.685032952926
de,fontane,late,1898,Der_Stechlin,bernoulli,16,23669,0.9958736397258571,5.912128602165394,geometric,1.4179198961355723,0.0,1.4466074122465216,4198.546255626483
de,fontane,late,1898,Der_Stechlin,bernoulli,17,23669,1.0138754191935504,5.956934515700016,weibull,0.0,4.434513605432585,0.27698910850449465,4242.780892248207
de,fontane,late,1898,Der_Stechlin,bernoulli,18,23669,1.006238480954417,5.937989209187426,geometric,0.675709891365841,0.0,0.1932120667770505,3989.482718650077
de,fontane,late,1898,Der_Stechlin,bernoulli,19,23669,0.997030211244251,5.915138130752537,geometric,1.6970374309748877,0.0,1.8143145558133256,3988.533258654963
de,fontane,late,1898,Der_Stechlin,bernoulli,20,23669,1.0055214392525205,5.936401571153366,geometric,0.9603795861476101,0.0,0.4630320102442056,3951.0679595127003
de,fontane,late,1898,Der_Stechlin,bernoulli,21,23669,1.0121508680788485,5.953059600483741,nbinom,1.2860078128287569,4.287001525779488,0.0,3909.87801930774
de,fontane,late,1898,Der_Stechlin,bernoulli,22,23669,0.9983670209519491,5.9183861327968055,geometric,1.908760240272386,0.0,1.9355436770129018,4035.8559802868403
de,fontane,late,1898,Der_Stechlin,bernoulli,23,23669,1.0005031308450625,5.9235783148861,geometric,1.9913326303649228,0.0,1.9199734586291015,3990.6066299889644
de,fontane,late,1898,Der_Stechlin,bernoulli,24,23669,1.004388102649167,5.933741950919069,geometric,1.3479996767709963,0.0,1.4436300876550376,4082.4522115962463
de,fontane,late,1898,Der_Stechlin,bernoulli,25,23669,1.0002498355555511,5.923519250446949,geometric,1.9978741550003178,0.0,1.9986980798421428,4020.345799277071
de,fontane,late,1898,Der_Stechlin,bernoulli,26,23669,1.0062335322293754,5.938260867645866,geometric,0.6941316724696662,0.0,1.0350149081496056,4270.976000219758
de,fontane,late,1898,Der_Stechlin,bernoulli,27,23669,1.0014277870446298,5.92571763849223,geometric,1.9308752510114573,0.0,1.9467198834754527,4218.867961129872
de,fontane,late,1898,Der_Stechlin,bernoulli,28,23669,1.006763052788266,5.9393392290451015,nbinom,0.7118392336415127,0.27166327901068144,0.0,3885.1200379021757
de,fontane,late,1898,Der_Stechlin,bernoulli,29,23669,1.004208722349023,5.932544325778956,geometric,1.4022103496245109,0.0,1.5931589915708173,4238.210376340838
de,fontane,late,1898,Der_Stechlin,bernoulli,30,23669,0.9982480461746687,5.918051822492594,geometric,1.8955821754643694,0.0,1.8197901807143353,4216.701944987406
de,fontane,late,1898,Der_Stechlin,bernoulli,31,23669,1.0064609299698157,5.939168919929032,geometric,0.590186233719578,0.0,0.8197045870183501,4083.7540295915387
de,fontane,late,1898,Der_Stechlin,bernoulli,32,23669,1.0055470698490558,5.936657607112576,geometric,0.9598376977082808,0.0,1.0274853451992385,4162.102601021645
de,fontane,late,1898,Der_Stechlin,bernoulli,33,23669,0.99246195684165,5.90268444609638,geometric,0.03977697915979661,0.0,0.17011263544554822,3958.5876253345923
de,fontane,late,1898,Der_Stechlin,bernoulli,34,23669,1.011385608662404,5.951626255390826,nbinom,0.7513536014012061,3.135822046722751,0.0,3978.9004717184
de,fontane,late,1898,Der_Stechlin,bernoulli,35,23669,1.0027756746738112,5.929677638629498,geometric,1.7373172955412883,0.0,1.6514533993322402,3959.7417856650136
de,fontane,late,1898,Der_Stechlin,bernoulli,36,23669,0.9944470102634497,5.907602870406741,geometric,0.9408562465978321,0.0,1.0969862207421102,4131.82373899073
de,fontane,late,1898,Der_Stechlin,bernoulli,37,23669,0.9957275451231388,5.911547231712884,geometric,1.3765505486226175,0.0,1.2149710312660318,4177.041008692264
de,fontane,late,1898,Der_Stechlin,bernoulli,38,23669,0.9901919224133164,5.897112348187857,nbinom,0.8374773713876493,2.126825833285693,0.0,4294.2490864639985
de,fontane,late,1898,Der_Stechlin,bernoulli,39,23669,1.006038454027467,5.937078910506289,geometric,0.7633184542646632,0.0,0.6371022361563519,4018.0801752285915
de,fontane,late,1898,Der_Stechlin,bernoulli,40,23669,0.9948280685777244,5.909033330816753,geometric,1.0837262043496594,0.0,1.0155580939317588,4140.707905164425
de,fontane,late,1898,Der_Stechlin,bernoulli,41,23669,1.0028924020152292,5.930006882000993,geometric,1.7153527374903206,0.0,1.6183441893954296,4089.8800588646263
de,fontane,late,1898,Der_Stechlin,bernoulli,42,23669,0.9919581799318702,5.901729612588648,weibull,0.0,0.2260395893245004,0.030707147321663797,4068.411228197452
de,fontane,late,1898,Der_Stechlin,bernoulli,43,23669,0.9979047882761387,5.917038134793992,geometric,1.850446901662508,0.0,1.7220275181462057,4085.7040980157326
de,fontane,late,1898,Der_Stechlin,bernoulli,44,23669,1.0047777212166502,5.934697755087679,geometric,1.2255335485679097,0.0,1.259963969961973,4007.3584677693143
de,fontane,late,1898,Der_Stechlin,bernoulli,45,23669,1.0024775454733836,5.927986758310741,geometric,1.7904507739876863,0.0,1.5844130047189537,4041.134760303161
de,fontane,late,1898,Der_Stechlin,bernoulli,46,23669,1.002591231157389,5.928683496302693,geometric,1.7721231460745912,0.0,1.8668020321929362,4014.475527803006
de,fontane,late,1898,Der_Stechlin,bernoulli,47,23669,1.0001388255614039,5.922770070991015,geometric,1.9993423423729837,0.0,1.9982558975170832,4048.466159570846
de,fontane,late,1898,Der_Stechlin,bernoulli,48,23669,0.999589882284177,5.9208528508656,geometric,1.9942454038537107,0.0,1.999927301716525,3993.3710818816908
de,fontane,late,1898,Der_Stechlin,bernoulli,49,23669,0.9970011436606564,5.91505987558126,geometric,1.6910345163778402,0.0,1.828012734069489,3963.901318849763
de,fontane,middle,1895,Effi_Briest,real,0,18086,1.669313980862901,6.57503616968933,nbinom,341.60536568431417,6455.852414435518,0.0,3888.8081385903643
de,fontane,middle,1895,Effi_Briest,shuffled,0,18086,1.0030121524820594,5.863597304870016,geometric,1.7654802316974383,0.0,1.8336305997218005,3118.330350608041
de,fontane,middle,1895,Effi_Briest,shuffled,1,18086,1.0060217409196635,5.871440500669833,geometric,1.0589472040446708,0.0,0.7130928705300903,3067.3032361621445
de,fontane,middle,1895,Effi_Briest,shuffled,2,18086,1.00006622329112,5.8558978590238855,geometric,1.9998870083800284,0.0,1.9583265552209923,3190.6184309353994
de,fontane,middle,1895,Effi_Briest,shuffled,3,18086,0.9968661873811012,5.848837922116608,geometric,1.745760014615371,0.0,1.3748101424862398,3192.829505967078
de,fontane,middle,1895,Effi_Briest,shuffled,4,18086,1.0019134984521583,5.861133488856396,geometric,1.9045077771734213,0.0,1.8053915726632113,2994.5447867331823
de,fontane,middle,1895,Effi_Briest,shuffled,5,18086,0.9985825332279192,5.852785572496023,geometric,1.9473816491372418,0.0,1.9837236941821175,2962.4379623491113
de,fontane,middle,1895,Effi_Briest,shuffled,6,18086,0.995314215961985,5.8441144519102135,geometric,1.4267494088271633,0.0,1.3990593595517566,3139.567626713164
de,fontane,middle,1895,Effi_Briest,shuffled,7,18086,1.0018952053097936,5.861184606121758,geometric,1.9068055994721362,0.0,1.9161955359595595,3086.7830194277485
de,fontane,middle,1895,Effi_Briest,shuffled,8,18086,1.0036028714165044,5.86545096035305,geometric,1.6655073847650783,0.0,1.8145314799330663,3197.9345533589076
de,fontane,middle,1895,Effi_Briest,shuffled,9,18086,1.0041967878979023,5.866669396709142,geometric,1.5453945836925413,0.0,1.6771215161425062,3136.3847135797114
de,fontane,middle,1895,Effi_Briest,shuffled,10,18086,1.0045658998933273,5.867605559047366,geometric,1.4609706022019964,0.0,1.5503945070959162,3075.278532032142
de,fontane,middle,1895,Effi_Briest,shuffled,11,18086,1.0025610727640597,5.862865757957104,geometric,1.8296513127133949,0.0,1.8202190537995193,3050.2988115194166
de,fontane,middle,1895,Effi_Briest,shuffled,12,18086,0.9885844218331588,5.826962317852582,weibull,0.0,1.4588385016540997,0.4588309644313995,2912.8870580884686
de,fontane,middle,1895,Effi_Briest,shuffled,13,18086,0.99522019908585,5.842903916464146,geometric,1.400841608789051,0.0,1.5113900736614596,3039.923288913851
de,fontane,middle,1895,Effi_Briest,shuffled,14,18086,1.0087237743020272,5.878389279133092,geometric,0.04837638830940705,0.0,0.2778029796027113,3201.1661149308784
de,fontane,middle,1895,Effi_Briest,shuffled,15,18086,0.9987666398195615,5.852157122268593,geometric,1.9603966731810942,0.0,1.9446490653790534,3090.4913653095427
de,fontane,middle,1895,Effi_Briest,shuffled,16,18086,0.9959002961562367,5.845698063641685,geometric,1.5589725106256083,0.0,1.6468084716034355,2995.093695919917
de,fontane,middle,1895,Effi_Briest,shuffled,17,18086,0.9936192089325886,5.838417842243958,geometric,0.9410790561087197,0.0,0.4690553544496652,3212.5706532161275
de,fontane,middle,1895,Effi_Briest,shuffled,18,18086,1.003343263405866,5.865169644251648,geometric,1.7133642659318866,0.0,1.9196341214992572,3296.5295496506587
de,fontane,middle,1895,Effi_Briest,shuffled,19,18086,0.9921945583614229,5.835848270471896,geometric,0.3959528587583918,0.0,0.4423392504104413,2978.4546034763625
de,fontane,middle,1895,Effi_Briest,shuffled,20,18086,0.9976406239370804,5.8491306964087855,geometric,1.8551913535629865,0.0,1.823292173910886,3188.065583959964
de,fontane,middle,1895,Effi_Briest,shuffled,21,18086,0.9957888778937698,5.845387071060802,geometric,1.5372118699160637,0.0,1.5264243859128328,3145.852401909826
de,fontane,middle,1895,Effi_Briest,shuffled,22,18086,0.9920239518880991,5.836294953692947,geometric,0.32545258321624715,0.0,0.47216954712348524,3031.756025845607
de,fontane,middle,1895,Effi_Briest,shuffled,23,18086,1.0072616647182708,5.873579393790816,geometric,0.642421438213205,0.0,0.7085938863747288,3150.2310060389573
de,fontane,middle,1895,Effi_Briest,shuffled,24,18086,0.9970096172404469,5.848814749675616,geometric,1.768169284943724,0.0,1.6927298065420473,3348.4499856311304
de,fontane,middle,1895,Effi_Briest,shuffled,25,18086,0.9946824439135384,5.842720757934695,geometric,1.2563916211511241,0.0,1.4712313634809107,3010.729522728172
de,fontane,middle,1895,Effi_Briest,shuffled,26,18086,0.9882377473548523,5.825599941601875,weibull,0.0,1.674893136267201,0.6025692788389279,2921.649461409048
de,fontane,middle,1895,Effi_Briest,shuffled,27,18086,1.0051218176666494,5.868992323991566,geometric,1.3225365513353609,0.0,1.3754813929699594,3101.017524262599
de,fontane,middle,1895,Effi_Briest,shuffled,28,18086,1.0049437681470081,5.868871585508123,geometric,1.3639421275438508,0.0,1.0283528916625073,3007.366316674641
de,fontane,middle,1895,Effi_Briest,shuffled,29,18086,0.9959365955902467,5.845472338905745,geometric,1.567867241523345,0.0,1.5100752673315583,2997.541858611701
de,fontane,middle,1895,Effi_Briest,shuffled,30,18086,1.0081427128510712,5.877216385307715,geometric,0.2840557808522135,0.0,0.0934223126823781,2981.8832824320707
de,fontane,middle,1895,Effi_Briest,shuffled,31,18086,1.002183743982092,5.860801100373713,geometric,1.876339329915936,0.0,1.8933490247436566,3085.8745019855705
de,fontane,middle,1895,Effi_Briest,shuffled,32,18086,1.0040665864863116,5.866983185988921,geometric,1.5709478666831274,0.0,1.5454959778871853,3031.078284467425
de,fontane,middle,1895,Effi_Briest,shuffled,33,18086,1.0008115573225387,5.858737207593061,geometric,1.9827198609127663,0.0,1.8364636014739517,2957.1045140617207
de,fontane,middle,1895,Effi_Briest,shuffled,34,18086,0.9958656728391737,5.845245879345219,geometric,1.553463343239855,0.0,1.4860337734571658,3071.3174251109886
de,fontane,middle,1895,Effi_Briest,shuffled,35,18086,0.9940052908759982,5.84147201612978,geometric,1.0606658726173919,0.0,0.8236329826904694,3098.124833377995
de,fontane,middle,1895,Effi_Briest,shuffled,36,18086,1.000057459414605,5.856541161647795,geometric,1.9999137804843485,0.0,1.988294202630641,3036.583021003069
de,fontane,middle,1895,Effi_Briest,shuffled,37,18086,0.9943368591967132,5.84010562918734,geometric,1.1608006046444643,0.0,1.2591763280070154,3190.398353433571
de,fontane,middle,1895,Effi_Briest,shuffled,38,18086,0.9939588245847265,5.840218667532243,geometric,1.042868254269706,0.0,1.2290617453109007,3133.821872483153
de,fontane,middle,1895,Effi_Briest,shuffled,39,18086,0.9921342674296816,5.836326231857603,nbinom,0.5220591015677201,0.13879814140091185,0.0,3115.5779029964615
de,fontane,middle,1895,Effi_Briest,shuffled,40,18086,1.0099362467758806,5.881119686957792,weibull,0.0,0.5222350233088946,0.33367975683358964,3263.772031438726
de,fontane,middle,1895,Effi_Briest,shuffled,41,18086,1.0180893813371026,5.900597862404577,nbinom,0.7745390059571946,7.124638166918885,0.0,3146.4426963309525
de,fontane,middle,1895,Effi_Briest,shuffled,42,18086,0.9995044336164225,5.853588542862506,geometric,1.9936242880503414,0.0,1.967091383121442,3110.4008749743516
de,fontane,middle,1895,Effi_Briest,shuffled,43,18086,1.0066843167879418,5.872241301376961,geometric,0.8522049422026612,0.0,1.2031400880368892,3111.0822533851897
de,fontane,middle,1895,Effi_Briest,shuffled,44,18086,1.0075291325503897,5.875438277828166,geometric,0.5443810769065749,0.0,0.799390927553759,3192.9063358308194
de,fontane,middle,1895,Effi_Briest,shuffled,45,18086,1.0085569682146307,5.8778394171575075,nbinom,0.2474639450374525,0.13887793352478184,0.0,3042.3358981004712
de,fontane,middle,1895,Effi_Briest,shuffled,46,18086,1.005464061981138,5.869446506646929,geometric,1.2233810440084198,0.0,0.6304851589957252,3115.727680778713
de,fontane,middle,1895,Effi_Briest,shuffled,47,18086,0.9932164866529547,5.838342320518108,geometric,0.7980344023817452,0.0,0.7154424715263303,3206.3758242251643
de,fontane,middle,1895,Effi_Briest,shuffled,48,18086,0.9900923018047956,5.829812672271535,nbinom,0.3851975818106439,0.9576968823967036,0.0,3187.644995481882
de,fontane,middle,1895,Effi_Briest,shuffled,49,18086,1.0059324364341216,5.870946821125507,geometric,1.0992512836237438,0.0,1.3782961826800602,3330.6239950544405
de,fontane,middle,1895,Effi_Briest,bernoulli,0,18086,0.9979033462495859,5.8505747597795335,geometric,1.885700033439207,0.0,1.7803482067974983,3104.109693137332
de,fontane,middle,1895,Effi_Briest,bernoulli,1,18086,0.9940888306959992,5.840161137414853,geometric,1.0830350971227745,0.0,1.2669330866483506,3108.1402648877556
de,fontane,middle,1895,Effi_Briest,bernoulli,2,18086,1.0062608365580554,5.872409724135121,geometric,0.9859589803381823,0.0,0.8885017868014984,3046.560641707518
de,fontane,middle,1895,Effi_Briest,bernoulli,3,18086,1.0034107854120944,5.864985990792623,geometric,1.6990860974474344,0.0,1.7164598664239747,3170.0597433118382
de,fontane,middle,1895,Effi_Briest,bernoulli,4,18086,1.001567978814597,5.860250074283397,geometric,1.936150630674092,0.0,1.894253425707575,3134.8169356050203
de,fontane,middle,1895,Effi_Briest,bernoulli,5,18086,0.9963407835416744,5.8469035552353255,geometric,1.6500462827680167,0.0,1.724745411760523,3136.283976502804
de,fontane,middle,1895,Effi_Briest,bernoulli,6,18086,0.9987118446423601,5.853239096750302,geometric,1.9568543473869795,0.0,1.9328788779530441,3126.3049348598724
de,fontane,middle,1895,Effi_Briest,bernoulli,7,18086,1.0055165793558227,5.870430818651759,geometric,1.2129139441531152,0.0,1.1295571658411063,3113.1462302373257
de,fontane,middle,1895,Effi_Briest,bernoulli,8,18086,1.0033475706823696,5.863967799817196,geometric,1.7084884911309928,0.0,1.6108035291545093,2987.577299604396
de,fontane,middle,1895,Effi_Briest,bernoulli,9,18086,1.003919232128501,5.865541811175225,geometric,1.6029463552404195,0.0,1.6972314402228221,3076.0903523240704
de,fontane,middle,1895,Effi_Briest,bernoulli,10,18086,0.9981494130500583,5.850704502049538,geometric,1.911075379292015,0.0,1.8339821401168592,3150.5370868683385
de,fontane,middle,1895,Effi_Briest,bernoulli,11,18086,0.9970999977477764,5.849340738059224,geometric,1.7801560976658948,0.0,1.855870894753025,3113.4606179774564
de,fontane,middle,1895,Effi_Briest,bernoulli,12,18086,1.0000981604098058,5.856976739416837,geometric,1.9997488316730596,0.0,1.9994677242066246,3052.095920171734
de,fontane,middle,1895,Effi_Briest,bernoulli,13,18086,1.0032639160066439,5.86467365231297,geometric,1.7245506314793602,0.0,1.7949819294153713,3122.666205232148
de,fontane,middle,1895,Effi_Briest,bernoulli,14,18086,0.9996845471753971,5.855819556116148,geometric,1.9974242304160725,0.0,1.9777529940620298,3217.022615862501
de,fontane,middle,1895,Effi_Briest,bernoulli,15,18086,0.9964299649544942,5.847651141015482,geometric,1.664266311126994,0.0,1.780058340940741,2896.485890839962
de,fontane,middle,1895,Effi_Briest,bernoulli,16,18086,0.9987945796005359,5.853060539569482,geometric,1.9621957374620251,0.0,1.8756618356128456,3020.414497125559
de,fontane,middle,1895,Effi_Briest,bernoulli,17,18086,0.9957646893747194,5.84562563781528,geometric,1.5336931793863187,0.0,1.1932807186094578,3145.296200288678
de,fontane,middle,1895,Effi_Briest,bernoulli,18,18086,0.9988148879312606,5.851380651456346,geometric,1.9631515405781101,0.0,1.9999943880102364,2941.52994307442
de,fontane,middle,1895,Effi_Briest,bernoulli,19,18086,1.0075571951710398,5.875615077701706,geometric,0.5278800919477362,0.0,0.6024031080305576,3046.1613936835056
de,fontane,middle,1895,Effi_Briest,bernoulli,20,18086,1.0011528669362098,5.85876098625103,geometric,1.9654017028515227,0.0,1.9401041581731988,3051.267937607481
de,fontane,middle,1895,Effi_Briest,bernoulli,21,18086,1.0079850142964206,5.876158622671916,geometric,0.34962292078125756,0.0,0.06879419219330885,3005.9650891296915
de,fontane,middle,1895,Effi_Briest,bernoulli,22,18086,0.9915998464562679,5.835130470632677,geometric,0.1410291080683237,0.0,0.22245449456386268,2989.9010383368586
de,fontane,middle,1895,Effi_Briest,bernoulli,23,18086,0.9954601886753265,5.844891123842421,geometric,1.4628772158612264,0.0,1.3175168220914202,3179.3628257167147
de,fontane,middle,1895,Effi_Briest,bernoulli,24,18086,0.9928142015321,5.837447568638029,geometric,0.6404900363850174,0.0,0.7558536913857097,2963.04863136122
de,fontane,middle,1895,Effi_Briest,bernoulli,25,18086,0.9950736835111694,5.844131076634845,geometric,1.3630797790829092,0.0,1.4671299024048494,3040.918875284231
de,fontane,middle,1895,Effi_Briest,bernoulli,26,18086,1.004868694301524,5.8684209981676645,geometric,1.381676454184344,0.0,0.9443260237312643,2955.501484329987
de,fontane,middle,1895,Effi_Briest,bernoulli,27,18086,1.0027255716363386,5.862403604125197,geometric,1.8065796119335573,0.0,1.7850467788230162,2937.624786672197
de,fontane,middle,1895,Effi_Briest,bernoulli,28,18086,1.0013647882593846,5.858968221714495,geometric,1.9514041134534637,0.0,1.9151728868455393,2966.991361613924
de,fontane,middle,1895,Effi_Briest,bernoulli,29,18086,1.0161974569199037,5.896203086798824,weibull,0.0,4.687679908936843,0.20152096409583464,3128.736986556818
de,fontane,middle,1895,Effi_Briest,bernoulli,30,18086,0.9948748691142005,5.8436632406774605,geometric,1.3152176952717127,0.0,1.1334645084425574,3152.626389652447
de,fontane,middle,1895,Effi_Briest,bernoulli,31,18086,1.005049719278737,5.868708786561276,geometric,1.3401114402659005,0.0,1.2032657632807968,3151.261829609968
de,fontane,middle,1895,Effi_Briest,bernoulli,32,18086,1.0009313240854856,5.857975727451861,geometric,1.9774676063971128,0.0,1.9466867673909292,3182.9361630959756
de,fontane,middle,1895,Effi_Briest,bernoulli,33,18086,1.0009873285347397,5.858712309894543,geometric,1.974976536585018,0.0,1.9608048020600108,3266.9292930443335
de,fontane,middle,1895,Effi_Briest,bernoulli,34,18086,1.0061746677112906,5.871552809076746,geometric,1.0161012090393342,0.0,1.0124854882305954,3164.5127340094186
de,fontane,middle,1895,Effi_Briest,bernoulli,35,18086,1.0058826576430633,5.870953295621886,geometric,1.1055590889736777,0.0,1.1435386637749616,3068.4998752349493
de,fontane,middle,1895,Effi_Briest,bernoulli,36,18086,1.0020339876733984,5.860814359596901,geometric,1.8925827327911975,0.0,1.8682394103961997,3113.307573446873
de,fontane,middle,1895,Effi_Briest,bernoulli,37,18086,0.9998171162631168,5.855488544360189,geometric,1.9991289348399732,0.0,1.9979361983278068,3046.864174926741
de,fontane,middle,1895,Effi_Briest,bernoulli,38,18086,0.9972878465286428,5.848268369315958,geometric,1.8077056605397956,0.0,1.8474651586147957,3047.305855684157
de,fontane,middle,1895,Effi_Briest,bernoulli,39,18086,1.0056437770111128,5.870563406335916,geometric,1.178851991382544,0.0,1.4113910594460322,3058.9401771450066
de,fontane,middle,1895,Effi_Briest,bernoulli,40,18086,1.0008450430749602,5.858703528449843,geometric,1.981411094631767,0.0,1.974087098351447,3029.5820772562583
de,fontane,middle,1895,Effi_Briest,bernoulli,41,18086,1.0070955723941895,5.8730175037089545,geometric,0.7088487499277107,0.0,1.0330433348572114,3218.0003266249696
de,fontane,middle,1895,Effi_Briest,bernoulli,42,18086,1.0050217906269863,5.868866439830635,geometric,1.3526739492808701,0.0,1.6605435691599268,3209.8194619738497
de,fontane,middle,1895,Effi_Briest,bernoulli,43,18086,0.998634184386647,5.852475946692062,geometric,1.9511764819617383,0.0,1.997124844463542,3055.8451180078264
de,fontane,middle,1895,Effi_Briest,bernoulli,44,18086,1.003446892150666,5.865220160744957,geometric,1.6905130584927974,0.0,1.6381149735243525,2936.981683038335
de,fontane,middle,1895,Effi_Briest,bernoulli,45,18086,0.9930639162192321,5.838851524468119,geometric,0.7380452711659018,0.0,0.7657697313698009,3094.088985596609
de,fontane,middle,1895,Effi_Briest,bernoulli,46,18086,0.9984479891386067,5.851350575048222,geometric,1.9374221176549327,0.0,1.8614492076012539,3095.2811065779388
de,fontane,middle,1895,Effi_Briest,bernoulli,47,18086,1.0052806217289696,5.86974320567095,geometric,1.2775712635193486,0.0,1.0740149912744528,3099.2366750248766
de,fontane,middle,1895,Effi_Briest,bernoulli,48,18086,0.9987858349931098,5.853594416598874,geometric,1.961733853808255,0.0,1.8911193188105244,3101.3726498295437
de,fontane,middle,1895,Effi_Briest,bernoulli,49,18086,0.9903231944780103,5.831726370305768,nbinom,0.5635139890073333,1.0173393048607977,0.0,3103.0697702591424
en,dickens,early,1836,Pickwick_Papers,real,0,59169,1.450197203975704,6.356837950824721,lognormal,6578.28716731444,18768.441681266064,5435.271997559583,0.0
en,dickens,early,1836,Pickwick_Papers,shuffled,0,59169,1.0048498416780884,5.726458276392137,geometric,0.018778795725665987,0.0,0.0535503039136529,10178.835994452238
en,dickens,early,1836,Pickwick_Papers,shuffled,1,59169,0.9990522973081358,5.712281350916807,geometric,1.9236549595952965,0.0,1.9463372172322124,9875.670214803715
en,dickens,early,1836,Pickwick_Papers,shuffled,2,59169,1.0017577766857326,5.7187221626592875,geometric,1.7400504924007691,0.0,1.966227937489748,10291.673092437442
en,dickens,early,1836,Pickwick_Papers,shuffled,3,59169,0.999020803406057,5.711968095925223,geometric,1.9186114966869354,0.0,1.9206163452472538,10020.986073890002
en,dickens,early,1836,Pickwick_Papers,shuffled,4,59169,1.0009303389280024,5.7168803009057,geometric,1.9267559578293003,0.0,1.9083500522538088,10226.975861755433
en,dickens,early,1836,Pickwick_Papers,shuffled,5,59169,0.9953402209687201,5.703007263587661,geometric,0.14620141708292067,0.0,0.3180215813918039,9922.567006930942
en,dickens,early,1836,Pickwick_Papers,shuffled,6,59169,0.9942624129506852,5.700234264413307,nbinom,0.3021828146884218,1.1075847727479413,0.0,10119.23151079967
en,dickens,early,1836,Pickwick_Papers,shuffled,7,59169,0.9969475228359781,5.706992056181811,geometric,1.20387008524267,0.0,1.5158099719556049,9798.694210546324
en,dickens,early,1836,Pickwick_Papers,shuffled,8,59169,1.0039044874430612,5.724091356403081,geometric,0.7125290072872303,0.0,0.8112829733872786,9910.202094282722
en,dickens,early,1836,Pickwick_Papers,shuffled,9,59169,0.9946558251933656,5.701217626054585,nbinom,0.05723670311272144,0.49237001698929816,0.0,10111.77746810473
en,dickens,early,1836,Pickwick_Papers,shuffled,10,59169,0.9985091030749698,5.710876766295794,geometric,1.810598690644838,0.0,1.8855451281415299,9782.218498232774
en,dickens,early,1836,Pickwick_Papers,shuffled,11,59169,0.9994936720844374,5.713377978121782,geometric,1.978219645214267,0.0,1.9904114010278136,9964.824824875337
en,dickens,early,1836,Pickwick_Papers,shuffled,12,59169,1.0044804977108766,5.725286348524197,geometric,0.30953229137230664,0.0,0.6252228764351457,10002.676554931153
en,dickens,early,1836,Pickwick_Papers,shuffled,13,59169,1.0023529379445675,5.720297625612965,geometric,1.5323551131878048,0.0,1.613021317170933,10079.175925432646
en,dickens,early,1836,Pickwick_Papers,shuffled,14,59169,1.0005794567896176,5.715947055241482,geometric,1.971549634472467,0.0,1.9748214533319697,10049.0016694566
en,dickens,early,1836,Pickwick_Papers,shuffled,15,59169,0.9960272500603532,5.704652995573719,geometric,0.6506551343481988,0.0,1.083542300912086,9870.800701263244
en,dickens,early,1836,Pickwick_Papers,shuffled,16,59169,1.0029870399300473,5.721825442151658,geometric,1.2455946480040438,0.0,1.0729895929107442,10125.753233040508
en,dickens,early,1836,Pickwick_Papers,shuffled,17,59169,1.0023606304095842,5.720137735479819,geometric,1.5280810401309282,0.0,1.366116926248651,10023.553148663195
en,dickens,early,1836,Pickwick_Papers,shuffled,18,59169,0.9936492891117075,5.698606210194839,weibull,0.0,1.4524573236703873,0.12574493291322142,9780.983074399875
en,dickens,early,1836,Pickwick_Papers,shuffled,19,59169,0.9928114786127524,5.696497614173847,nbinom,1.2320110759465024,3.630083268159069,0.0,10156.714090285706
en,dickens,early,1836,Pickwick_Papers,shuffled,20,59169,0.9982337913639118,5.709797928383052,geometric,1.733626623696182,0.0,1.9222296610823832,9786.623677690513
en,dickens,early,1836,Pickwick_Papers,shuffled,21,59169,1.000908234368172,5.716881471946378,geometric,1.9298962617758662,0.0,1.811834472231567,9865.518272145651
en,dickens,early,1836,Pickwick_Papers,shuffled,22,59169,1.0048465494742578,5.726393585965676,nbinom,0.05471759208012372,0.03660299186594784,0.0,10001.022495490965
en,dickens,early,1836,Pickwick_Papers,shuffled,23,59169,0.9974538142956955,5.708310340251121,geometric,1.4467272097826935,0.0,1.6450696550309658,9775.79846331646
en,dickens,early,1836,Pickwick_Papers,shuffled,24,59169,1.0025109482068382,5.720498859391907,geometric,1.4675872561056167,0.0,1.6236334731802344,10009.558471278811
en,dickens,early,1836,Pickwick_Papers,shuffled,25,59169,0.9903621462941468,5.6903965233263225,weibull,0.0,5.98497136530932,0.8363285513478331,9956.193312926101
en,dickens,early,1836,Pickwick_Papers,shuffled,26,59169,0.995146625940363,5.702332019187615,nbinom,0.3695733053609729,0.37570465716999024,0.0,9936.421670123993
en,dickens,early,1836,Pickwick_Papers,shuffled,27,59169,0.9980824658470111,5.709746397448207,geometric,1.686480000789743,0.0,1.7980343828676268,9796.604168897262
en,dickens,early,1836,Pickwick_Papers,shuffled,28,59169,1.0005366312590303,5.71594390012948,geometric,1.9755863478058018,0.0,1.9744109348393977,9981.227408066974
en,dickens,early,1836,Pickwick_Papers,shuffled,29,59169,0.9970633018460291,5.707272144029227,geometric,1.267922223370988,0.0,0.9970405579661019,10108.797459352296
en,dickens,early,1836,Pickwick_Papers,shuffled,30,59169,1.003836784512836,5.723973878728554,geometric,0.7571274930378422,0.0,0.8584233931032941,9972.165825280244
en,dickens,early,1836,Pickwick_Papers,shuffled,31,59169,1.0026593030110467,5.720610519146756,geometric,1.4027493831817992,0.0,1.590057203778997,9921.642122870777
en,dickens,early,1836,Pickwick_Papers,shuffled,32,59169,1.001784652158746,5.71867193795312,geometric,1.7297094650566578,0.0,1.4963640116620809,9949.934631518554
en,dickens,early,1836,Pickwick_Papers,shuffled,33,59169,1.007454496959361,5.732760486410393,nbinom,0.18321322387782857,2.862939108046703,0.0,9879.746414224966
en,dickens,early,1836,Pickwick_Papers,shuffled,34,59169,1.0047716394129462,5.726125296687935,nbinom,0.4482551052351482,0.3744572871364653,0.0,9844.117084879079
en,dickens,early,1836,Pickwick_Papers,shuffled,35,59169,0.9994848612252301,5.713120187247762,geometric,1.977514476806391,0.0,1.9745798365911469,10107.48787696485
en,dickens,early,1836,Pickwick_Papers,shuffled,36,59169,1.0019489736385152,5.719371351725466,geometric,1.679157019534614,0.0,1.6477544576046057,10310.012301144947
en,dickens,early,1836,Pickwick_Papers,shuffled,37,59169,1.0007161122374841,5.7163025342712785,geometric,1.9565413385862485,0.0,1.9498201012029313,9960.328898169042
en,dickens,early,1836,Pickwick_Papers,shuffled,38,59169,1.0000383286033796,5.7146597153130045,geometric,1.9998754121479578,0.0,1.9924836512072943,10309.760468541761
en,dickens,early,1836,Pickwick_Papers,shuffled,39,59169,0.998920870701238,5.711770767196336,geometric,1.9011171720921993,0.0,1.9135783166857436,10071.064427137491
en,dickens,early,1836,Pickwick_Papers,shuffled,40,59169,0.9920234802137851,5.694491060524631,weibull,0.0,3.4640879994258285,0.5825915792956948,9734.14908876887
en,dickens,early,1836,Pickwick_Papers,shuffled,41,59169,0.9947679479858754,5.7012569704136435,weibull,0.0,0.34676164644770324,0.5245599836925976,9655.261961182347
en,dickens,early,1836,Pickwick_Papers,shuffled,42,59169,0.9987765531110095,5.711407730723623,geometric,1.8725716014159843,0.0,1.9366194170434028,9861.198579940246
en,dickens,early,1836,Pickwick_Papers,shuffled,43,59169,0.9993187317562646,5.712686814522421,geometric,1.9604415976209566,0.0,1.9966348522575572,9672.946026139776
en,dickens,early,1836,Pickwick_Papers,shuffled,44,59169,1.0033281372188432,5.722755919126176,geometric,1.0624038639944047,0.0,1.0536163173965178,9734.925029473961
en,dickens,early,1836,Pickwick_Papers,shuffled,45,59169,1.0029134332470528,5.72114144147413,geometric,1.2816314855590463,0.0,1.1215624270262197,9960.565040128306
en,dickens,early,1836,Pickwick_Papers,shuffled,46,59169,1.000086000265029,5.7146928903869,geometric,1.999373588419985,0.0,1.9998174732318148,10133.07575434813
en,dickens,early,1836,Pickwick_Papers,shuffled,47,59169,0.9991119128948225,5.712376241198694,geometric,1.93282683059806,0.0,1.9822276491904631,9739.738381473464
en,dickens,early,1836,Pickwick_Papers,shuffled,48,59169,1.0015513568405467,5.718208114866431,geometric,1.7965519790304825,0.0,1.8980081069748849,9970.925607158337
en,dickens,early,1836,Pickwick_Papers,shuffled,49,59169,1.005454514604931,5.727936965110743,nbinom,0.03251418855506927,0.538461598334834,0.0,10112.896427618107
en,dickens,early,1836,Pickwick_Papers,bernoulli,0,59169,1.0080552332487027,5.734270442603938,weibull,0.0,3.4346951169427484,0.8327771450858563,10134.279354519036
en,dickens,early,1836,Pickwick_Papers,bernoulli,1,59169,1.005205776217373,5.727418048363494,nbinom,1.0706962858093902,1.371970972220879,0.0,9525.769073620962
en,dickens,early,1836,Pickwick_Papers,bernoulli,2,59169,0.997270758818624,5.7077045045084915,geometric,1.3679348470177501,0.0,1.161658126162365,10124.07030534069
en,dickens,early,1836,Pickwick_Papers,bernoulli,3,59169,1.0043585469916292,5.725213968395298,geometric,0.3978808519314043,0.0,0.36421799124218524,10104.914271208341
en,dickens,early,1836,Pickwick_Papers,bernoulli,4,59169,1.00204740975501,5.719673461454254,geometric,1.644715261820238,0.0,1.570936301490292,9874.784128134255
en,dickens,early,1836,Pickwick_Papers,bernoulli,5,59169,0.9953820535129406,5.703065579815922,nbinom,0.20397999184206128,0.01907452626619488,0.0,10171.143056161352
en,dickens,early,1836,Pickwick_Papers,bernoulli,6,59169,1.0024607830610748,5.720692023641498,geometric,1.4869097226765007,0.0,1.2661374537274241,9953.883946609683
en,dickens,early,1836,Pickwick_Papers,bernoulli,7,59169,1.000705135418273,5.716222943277332,geometric,1.9579147036420181,0.0,1.9509779595537111,10150.00685018237
en,dickens,early,1836,Pickwick_Papers,bernoulli,8,59169,1.0018496705193356,5.719014621765387,geometric,1.7101179323508404,0.0,1.6874457185040228,9936.467698401364
en,dickens,early,1836,Pickwick_Papers,bernoulli,9,59169,1.0023619885525272,5.720261229156028,geometric,1.530019593599718,0.0,1.7386572742834687,10259.826018522086
en,dickens,early,1836,Pickwick_Papers,bernoulli,10,59169,1.0026085422604705,5.720903699879241,geometric,1.4260535958455876,0.0,1.5605081972316839,10216.380243402149
en,dickens,early,1836,Pickwick_Papers,bernoulli,11,59169,0.9946128859646913,5.7009086307619254,nbinom,0.09194083558395505,0.5657875853939913,0.0,10128.33600318653
en,dickens,early,1836,Pickwick_Papers,bernoulli,12,59169,1.0013537966535362,5.717979194651752,geometric,1.8447177648777142,0.0,1.7744658921146765,10032.100856494159
en,dickens,early,1836,Pickwick_Papers,bernoulli,13,59169,1.005806783012732,5.728264341685215,nbinom,0.08518516400363296,0.9281576909124851,0.0,9897.447021402942
en,dickens,early,1836,Pickwick_Papers,bernoulli,14,59169,0.9984611192340629,5.710800100547421,geometric,1.79916541633429,0.0,1.6487041738000698,9990.651174899074
en,dickens,early,1836,Pickwick_Papers,bernoulli,15,59169,1.002043372318961,5.719599268563919,geometric,1.648076186189428,0.0,1.8479130286141299,10140.37215619086
en,dickens,early,1836,Pickwick_Papers,bernoulli,16,59169,0.9977142705772062,5.708855530693976,geometric,1.556167107715737,0.0,1.4366433781688102,9989.50627913227
en,dickens,early,1836,Pickwick_Papers,bernoulli,17,59169,0.9995233572533638,5.713383957018733,geometric,1.980710587813519,0.0,1.9937941572861746,10014.12482703512
en,dickens,early,1836,Pickwick_Papers,bernoulli,18,59169,1.0016453461038046,5.71857604261558,geometric,1.7710652245441452,0.0,1.878350910556037,9903.196125807299
en,dickens,early,1836,Pickwick_Papers,bernoulli,19,59169,1.0040255468411,5.72453328310212,geometric,0.6336195525364019,0.0,0.8033376596868038,10045.030007454334
en,dickens,early,1836,Pickwick_Papers,bernoulli,20,59169,0.9976412017088836,5.708644601331083,geometric,1.5251439327839762,0.0,1.7279565055505373,9855.580946697504
en,dickens,early,1836,Pickwick_Papers,bernoulli,21,59169,0.9935827157829067,5.6985851351569705,weibull,0.0,1.5209718829137273,0.03576136427000165,9926.651042456273
en,dickens,early,1836,Pickwick_Papers,bernoulli,22,59169,1.0063564799150666,5.730090565706957,weibull,0.0,1.3965020801406354,0.17161088599823415,10106.681858419732
en,dickens,early,1836,Pickwick_Papers,bernoulli,23,59169,0.9987047555617905,5.711115207962997,geometric,1.857558144372888,0.0,1.8456512591801584,10007.63356081897
en,dickens,early,1836,Pickwick_Papers,bernoulli,24,59169,1.002681973405641,5.7211098026533485,geometric,1.3920843549421988,0.0,1.4581384210614488,9969.648446294712
en,dickens,early,1836,Pickwick_Papers,bernoulli,25,59169,0.9974373367373628,5.708149176218109,geometric,1.441948495048564,0.0,1.36737182631623,10073.860096856137
en,dickens,early,1836,Pickwick_Papers,bernoulli,26,59169,0.9964450545966075,5.705714710292246,geometric,0.9237590172560886,0.0,0.8031577921938151,9873.89800315525
en,dickens,early,1836,Pickwick_Papers,bernoulli,27,59169,0.9962431526866844,5.705094590390935,geometric,0.7978326590382494,0.0,0.9564819593215361,10148.027581608738
en,dickens,early,1836,Pickwick_Papers,bernoulli,28,59169,1.0020328954806583,5.719446418552364,geometric,1.650255671062041,0.0,1.6856161195901223,9972.08556322247
en,dickens,early,1836,Pickwick_Papers,bernoulli,29,59169,0.9956476331010798,5.703706797454478,geometric,0.38660466409055516,0.0,0.3271873778430745,10065.100076800562
en,dickens,early,1836,Pickwick_Papers,bernoulli,30,59169,1.0059953021556465,5.729261349164631,weibull,0.0,1.0219507869915105,0.1303769784863107,10178.609017314448
en,dickens,early,1836,Pickwick_Papers,bernoulli,31,59169,1.0030115200022418,5.721955791366581,geometric,1.232924401992932,0.0,1.0257695974432863,10069.937108814891
en,dickens,early,1836,Pickwick_Papers,bernoulli,32,59169,1.0071784500457999,5.732151829274189,nbinom,0.3364097067969851,2.6803333910065703,0.0,9809.46023058542
en,dickens,early,1836,Pickwick_Papers,bernoulli,33,59169,0.9996972633515859,5.713764474945218,geometric,1.9922211228404194,0.0,1.9971770948031917,10053.855647785065
en,dickens,early,1836,Pickwick_Papers,bernoulli,34,59169,1.0017036014106186,5.718653664138282,geometric,1.754309672745876,0.0,1.8418555555981584,9832.123987278028
en,dickens,early,1836,Pickwick_Papers,bernoulli,35,59169,1.001043488345365,5.716959203735508,geometric,1.9076769480016083,0.0,1.8404255425557494,10059.21212340024
en,dickens,early,1836,Pickwick_Papers,bernoulli,36,59169,1.0004830565090281,5.715760754753998,geometric,1.9802035294706002,0.0,1.9599081914057024,9979.507428602257
en,dickens,early,1836,Pickwick_Papers,bernoulli,37,59169,0.9953810976596618,5.702931630040357,geometric,0.17534392734523863,0.0,0.5751368952332996,9870.271924712695
en,dickens,early,1836,Pickwick_Papers,bernoulli,38,59169,0.9965950290520844,5.706011992759826,geometric,1.0095738797681406,0.0,1.414266417035833,9988.521800798422
en,dickens,early,1836,Pickwick_Papers,bernoulli,39,59169,0.9976109519596857,5.708634432543391,geometric,1.5154390117386356,0.0,1.364031944423914,10087.637049506768
en,dickens,early,1836,Pickwick_Papers,bernoulli,40,59169,0.9999399452513074,5.714162373509138,geometric,1.999694648256991,0.0,1.9885706626810133,10152.447824701201
en,dickens,early,1836,Pickwick_Papers,bernoulli,41,59169,0.999269266882234,5.712823526530908,geometric,1.9547637618961744,0.0,1.8910173767944798,10109.569975558668
en,dickens,early,1836,Pickwick_Papers,bernoulli,42,59169,0.9989173937814081,5.711928380935729,geometric,1.900221029878594,0.0,1.988770812342409,9967.035864314064
en,dickens,early,1836,Pickwick_Papers,bernoulli,43,59169,0.9974484227790892,5.708200748242843,geometric,1.44806125969626,0.0,1.1304194167023525,10140.003414072213
en,dickens,early,1836,Pickwick_Papers,bernoulli,44,59169,1.002552804945031,5.720848842943389,geometric,1.4482234216993675,0.0,1.382474638230633,9890.347871843143
en,dickens,early,1836,Pickwick_Papers,bernoulli,45,59169,1.0033067240133624,5.722728182974974,geometric,1.0762412759358995,0.0,1.0264735053060576,10032.910689998243
en,dickens,early,1836,Pickwick_Papers,bernoulli,46,59169,0.999860716565599,5.714253681260928,geometric,1.9983474105247296,0.0,1.983361698628869,9860.597127224028
en,dickens,early,1836,Pickwick_Papers,bernoulli,47,59169,0.9985299392784699,5.710930049182577,geometric,1.8159841939341277,0.0,1.931850544991903,9961.021994347684
en,dickens,early,1836,Pickwick_Papers,bernoulli,48,59169,0.9945199651329729,5.700913452203198,weibull,0.0,0.5656046187505126,0.0067159548052586615,9901.731088946224
en,dickens,early,1836,Pickwick_Papers,bernoulli,49,59169,1.0020814064845842,5.719631436033134,geometric,1.6338618913432583,0.0,1.6855125318979844,10082.218721590529
en,dickens,late,1865,Our_Mutual_Friend,real,0,54768,1.5634207580050075,7.404073601903315,lognormal,3353.2707243076875,18809.507381568954,2075.037911300664,0.0
en,dickens,late,1865,Our_Mutual_Friend,shuffled,0,54768,1.0049297891915532,6.616632561343967,nbinom,0.3423472530557774,0.2825369068305008,0.0,9517.95398226718
en,dickens,late,1865,Our_Mutual_Friend,shuffled,1,54768,1.0023104888194259,6.609247768380607,geometric,1.5725540988496505,0.0,1.3171864039031789,9639.52149735979
en,dickens,late,1865,Our_Mutual_Friend,shuffled,2,54768,0.9964610376607078,6.592364936973878,geometric,0.9930058962199837,0.0,0.767134229419753,9551.962887633941
en,dickens,late,1865,Our_Mutual_Friend,shuffled,3,54768,1.0003612262049892,6.603878761038633,geometric,1.9895712342113256,0.0,1.9924033308634534,10005.73219750973
en,dickens,late,1865,Our_Mutual_Friend,shuffled,4,54768,1.0001967519548587,6.603467136794399,geometric,1.9969038215349428,0.0,1.9994102428318001,9675.579521320178
en,dickens,late,1865,Our_Mutual_Friend,shuffled,5,54768,0.9992637709467249,6.600699480800223,geometric,1.9565026873606257,0.0,1.9659947900800034,9576.405305739841
en,dickens,late,1865,Our_Mutual_Friend,shuffled,6,54768,1.000830392295191,6.60512380233096,geometric,1.944727307127323,0.0,1.89568939775927,9616.705948794726
en,dickens,late,1865,Our_Mutual_Friend,shuffled,7,54768,0.9989655061657663,6.599667963840288,geometric,1.9142126563820057,0.0,1.9155390776577406,9743.390065495507
en,dickens,late,1865,Our_Mutual_Friend,shuffled,8,54768,0.9999111149975868,6.602599530943615,geometric,1.999364125833381,0.0,1.9846935473033227,9543.737506126345
en,dickens,late,1865,Our_Mutual_Friend,shuffled,9,54768,0.9958433991693053,6.590871744440284,geometric,0.6040199581766501,0.0,1.1468545334646478,9571.654831193271
en,dickens,late,1865,Our_Mutual_Friend,shuffled,10,54768,1.0050091408607278,6.616572289138825,geometric,0.0033516839030198753,0.0,0.04936634370824322,9752.085936077696
en,dickens,late,1865,Our_Mutual_Friend,shuffled,11,54768,0.9968169749787725,6.593071656940703,geometric,1.1874488646863028,0.0,0.9979627719148993,9895.135914307437
en,dickens,late,1865,Our_Mutual_Friend,shuffled,12,54768,0.9957807311722218,6.5907142769465175,geometric,0.56199349014787,0.0,0.8935683452873491,9522.828308784985
en,dickens,late,1865,Our_Mutual_Friend,shuffled,13,54768,0.9951818936538008,6.5890964380584265,nbinom,0.33379639859776944,0.1993260540184565,0.0,9777.267458701332
en,dickens,late,1865,Our_Mutual_Friend,shuffled,14,54768,0.9992357097903058,6.600167583624959,geometric,1.9533482462866232,0.0,1.8083469344419427,9862.219666704303
en,dickens,late,1865,Our_Mutual_Friend,shuffled,15,54768,0.9965719693007146,6.593026617668401,geometric,1.0573708075098693,0.0,0.7854155196691863,9851.693392801972
en,dickens,late,1865,Our_Mutual_Friend,shuffled,16,54768,1.0011846607962576,6.606215706929731,geometric,1.8878664428484626,0.0,1.9377047690213658,9728.954670345702
en,dickens,late,1865,Our_Mutual_Friend,shuffled,17,54768,0.99995146209713,6.602805775034766,geometric,1.9998106134007685,0.0,1.9961351778474636,9594.694686235802
en,dickens,late,1865,Our_Mutual_Friend,shuffled,18,54768,1.0057481713224723,6.619003743742701,weibull,0.0,0.6248280617292039,0.3206964836572297,9677.489639872278
en,dickens,late,1865,Our_Mutual_Friend,shuffled,19,54768,0.9949871612604977,6.588414964351731,nbinom,0.32695171021623537,0.3503333493717946,0.0,9640.318469342135
en,dickens,late,1865,Our_Mutual_Friend,shuffled,20,54768,0.9945685435433902,6.587173217889329,weibull,0.0,0.3856050068861805,0.6748112560017034,9647.780274075514
en,dickens,late,1865,Our_Mutual_Friend,shuffled,21,54768,1.0009708000082382,6.604802842574189,geometric,1.9247554717585444,0.0,1.9541627735598013,9904.157689356303
en,dickens,late,1865,Our_Mutual_Friend,shuffled,22,54768,1.0018166550169516,6.607872031566659,geometric,1.7369341075536795,0.0,1.8670913551468402,9815.316796517523
en,dickens,late,1865,Our_Mutual_Friend,shuffled,23,54768,0.9984086148253941,6.598169077358346,geometric,1.7969511639676057,0.0,1.7027134996606037,9638.100926355168
en,dickens,late,1865,Our_Mutual_Friend,shuffled,24,54768,1.0014929046049492,6.60717785789474,geometric,1.8221407550154254,0.0,1.8526954816188663,9921.200681916322
en,dickens,late,1865,Our_Mutual_Friend,shuffled,25,54768,0.996656158362288,6.593340473620596,geometric,1.097047294548247,0.0,1.4852835627971217,9461.076599666732
en,dickens,late,1865,Our_Mutual_Friend,shuffled,26,54768,0.9986987116971129,6.598954644056793,geometric,1.8637740799458697,0.0,1.9544904721551575,9597.76765233255
en,dickens,late,1865,Our_Mutual_Friend,shuffled,27,54768,1.0045939924258207,6.6156818981700125,geometric,0.3244479816639796,0.0,0.6690170291112736,9916.327276521188
en,dickens,late,1865,Our_Mutual_Friend,shuffled,28,54768,1.000823382060437,6.604989658311254,geometric,1.9458488195668906,0.0,1.9891865390818566,9753.035506943532
en,dickens,late,1865,Our_Mutual_Friend,shuffled,29,54768,0.9960465655908142,6.591574712850155,geometric,0.7384047986706719,0.0,0.9957526801736094,9537.094017156342
en,dickens,late,1865,Our_Mutual_Friend,shuffled,30,54768,1.0031268040266634,6.611736448430632,geometric,1.2208826897549443,0.0,1.2561316437786445,9884.892013041303
en,dickens,late,1865,Our_Mutual_Friend,shuffled,31,54768,1.0003700865248146,6.6037042409750715,geometric,1.9890272947377525,0.0,1.9797027227468789,9767.326922167675
en,dickens,late,1865,Our_Mutual_Friend,shuffled,32,54768,0.9920040307390989,6.579854440715775,weibull,0.0,3.179779890750069,0.3569003856391646,9549.556287199084
en,dickens,late,1865,Our_Mutual_Friend,shuffled,33,54768,0.998230262456081,6.597654934346565,geometric,1.7483177045942284,0.0,1.7734322018222883,9614.687173945014
en,dickens,late,1865,Our_Mutual_Friend,shuffled,34,54768,1.0011680890230852,6.606014806980299,geometric,1.8914092549239285,0.0,1.9849303679075092,10027.14812284254
en,dickens,late,1865,Our_Mutual_Friend,shuffled,35,54768,0.9958152039951145,6.590758531586825,geometric,0.5827405272866599,0.0,1.1186794876703061,9305.407690667373
en,dickens,late,1865,Our_Mutual_Friend,shuffled,36,54768,0.9993087393375575,6.600554296813915,geometric,1.961659325286746,0.0,1.9307635372970253,9488.191213708196
en,dickens,late,1865,Our_Mutual_Friend,shuffled,37,54768,1.000357260392517,6.60374145147534,geometric,1.9897690500947647,0.0,1.9909157848451287,9524.050627824035
en,dickens,late,1865,Our_Mutual_Friend,shuffled,38,54768,0.9998024790516011,6.602178992759389,geometric,1.9968552786158398,0.0,1.9171068439027295,9462.165304046008
en,dickens,late,1865,Our_Mutual_Friend,shuffled,39,54768,1.0006959908692172,6.604832830127629,geometric,1.9611543532228097,0.0,1.8741295458748937,9674.687182164867
en,dickens,late,1865,Our_Mutual_Friend,shuffled,40,54768,1.0008467157342313,6.6051717393090685,geometric,1.9424190743011422,0.0,1.7280978913768195,9704.272590314387
en,dickens,late,1865,Our_Mutual_Friend,shuffled,41,54768,0.9956929850155052,6.590171416820116,geometric,0.5066627698834054,0.0,0.6174335710238665,9752.649535341538
en,dickens,late,1865,Our_Mutual_Friend,shuffled,42,54768,1.0042524433245184,6.614842012496457,geometric,0.561983056308236,0.0,0.8402085431735031,9819.828713719151
en,dickens,late,1865,Our_Mutual_Friend,shuffled,43,54768,0.9997068087385194,6.602075149563845,geometric,1.9931373117724434,0.0,1.8980381584260613,9845.520766725298
en,dickens,late,1865,Our_Mutual_Friend,shuffled,44,54768,1.0037702982200638,6.613486132027353,geometric,0.8615803741849959,0.0,0.40117221395485103,9535.514963855967
en,dickens,late,1865,Our_Mutual_Friend,shuffled,45,54768,1.0059398016606427,6.619238413932326,nbinom,0.3156178834615275,1.128611622552853,0.0,9553.964892966032
en,dickens,late,1865,Our_Mutual_Friend,shuffled,46,54768,1.0029264879756092,6.610969188310049,geometric,1.3177867844933644,0.0,1.489012800855562,9795.101455900061
en,dickens,late,1865,Our_Mutual_Friend,shuffled,47,54768,0.9989647875069635,6.5998911456529985,geometric,1.9143942869850434,0.0,1.764407905517146,9907.001882688666
en,dickens,late,1865,Our_Mutual_Friend,shuffled,48,54768,1.0019737433698697,6.60823893766308,geometric,1.6881032437668182,0.0,1.6063385419547558,9537.42110586341
en,dickens,late,1865,Our_Mutual_Friend,shuffled,49,54768,0.9992594128423591,6.600759360015887,geometric,1.9559321156702936,0.0,1.9843976245028898,9544.279669609969
en,dickens,late,1865,Our_Mutual_Friend,bernoulli,0,54768,0.9951228766627189,6.588909416758311,nbinom,0.21130457642721012,0.1235635043703951,0.0,9874.910936091852
en,dickens,late,1865,Our_Mutual_Friend,bernoulli,1,54768,0.9957415701204821,6.590595241069748,geometric,0.5381440569180995,0.0,0.8587437662063166,9744.24650515389
en,dickens,late,1865,Our_Mutual_Friend,bernoulli,2,54768,0.9983610969802261,6.598208114875966,geometric,1.785346353717614,0.0,1.6425225448911078,10069.896226175944
en,dickens,late,1865,Our_Mutual_Friend,bernoulli,3,54768,0.9993319255080496,6.6005998679015985,geometric,1.9641208524699323,0.0,1.997475596726872,9573.96240213199
en,dickens,late,1865,Our_Mutual_Friend,bernoulli,4,54768,1.0066124669510614,6.621516425366016,nbinom,0.34028127358760685,1.8207730810390785,0.0,9617.765070452588
en,dickens,late,1865,Our_Mutual_Friend,bernoulli,5,54768,1.0000075202785306,6.602672986294949,geometric,1.9999955199891701,0.0,1.9843727615079843,9546.482952458027
en,dickens,late,1865,Our_Mutual_Friend,bernoulli,6,54768,0.9923403611655659,6.580327742369944,weibull,0.0,2.750679116754327,0.2708641771459952,9560.801905359956
en,dickens,late,1865,Our_Mutual_Friend,bernoulli,7,54768,1.00045719580267,6.604210228693415,geometric,1.9832007659133524,0.0,1.9001072017126717,9546.55012427119
en,dickens,late,1865,Our_Mutual_Friend,bernoulli,8,54768,0.9950096839839466,6.588260397420129,nbinom,0.38607418606989086,0.39141564606688917,0.0,9613.456524528912
en,dickens,late,1865,Our_Mutual_Friend,bernoulli,9,54768,0.9984266684683936,6.598179405748127,geometric,1.8010499580414034,0.0,1.8569379995460622,9609.116754828836
en,dickens,late,1865,Our_Mutual_Friend,bernoulli,10,54768,1.002072854691391,6.608627578838499,geometric,1.656037807581015,0.0,1.5115106315352023,9662.45832224749
en,dickens,late,1865,Our_Mutual_Friend,bernoulli,11,54768,1.0042595698020693,6.614728828276103,geometric,0.5580602856935002,0.0,0.8698660261579789,9885.778625286359
en,dickens,late,1865,Our_Mutual_Friend,bernoulli,12,54768,0.9948135846483216,6.588070021930361,nbinom,0.42212636274052784,0.5850506197893992,0.0,9760.033248746593
en,dickens,late,1865,Our_Mutual_Friend,bernoulli,13,54768,1.0088114974855777,6.6274977476512476,nbinom,0.6941306629450992,4.864870448305737,0.0,9603.979733802495
en,dickens,late,1865,Our_Mutual_Friend,bernoulli,14,54768,1.0016170170088765,6.607098878919286,geometric,1.7906510750181042,0.0,1.7311223591677845,9595.474770665402
en,dickens,late,1865,Our_Mutual_Friend,bernoulli,15,54768,1.0042545672146521,6.6145697191896655,geometric,0.5571495310286991,0.0,0.40574218734400347,9783.209550736181
en,dickens,late,1865,Our_Mutual_Friend,bernoulli,16,54768,1.007051666489225,6.622810912912732,nbinom,1.576012821868062,3.550840762560256,0.0,9419.854093466885
en,dickens,late,1865,Our_Mutual_Friend,bernoulli,17,54768,1.003101942256115,6.6111721097150395,geometric,1.2337471154751256,0.0,1.3529286729753949,9787.671097160899
en,dickens,late,1865,Our_Mutual_Friend,bernoulli,18,54768,0.9997053669879412,6.602069594624315,geometric,1.993051134631969,0.0,1.9967469472903758,9819.442317825626
en,dickens,late,1865,Our_Mutual_Friend,bernoulli,19,54768,1.0027058309617696,6.6105368226560675,geometric,1.413060916296672,0.0,1.122722613683436,9452.537166165712
en,dickens,late,1865,Our_Mutual_Friend,bernoulli,20,54768,1.0008013473785975,6.605018435532513,geometric,1.9486959100468084,0.0,1.9618319894652814,9827.754812300089
en,dickens,late,1865,Our_Mutual_Friend,bernoulli,21,54768,0.9986821783059384,6.598802537857889,geometric,1.8605839684023522,0.0,1.922576056967955,9770.967264514358
en,dickens,late,1865,Our_Mutual_Friend,bernoulli,22,54768,0.9947122794217802,6.587563445703351,weibull,0.0,0.26270004926482216,0.6079290506313555,9511.150759873039
en,dickens,late,1865,Our_Mutual_Friend,bernoulli,23,54768,0.9939990763011107,6.585676925368663,weibull,0.0,0.9060023682541214,0.1233063823892735,9734.462917510595
en,dickens,late,1865,Our_Mutual_Friend,bernoulli,24,54768,0.9957948676837189,6.590828825946517,geometric,0.5727280867286026,0.0,0.8434708084678277,9492.494898815523
en,dickens,late,1865,Our_Mutual_Friend,bernoulli,25,54768,1.0040773900658388,6.6143701680061495,geometric,0.6777525462093763,0.0,1.0123901916085742,9744.637289255683
en,dickens,late,1865,Our_Mutual_Friend,bernoulli,26,54768,1.0009141438050024,6.6053640487918575,geometric,1.9328982636216097,0.0,1.8720155119663104,9385.639457867946
en,dickens,late,1865,Our_Mutual_Friend,bernoulli,27,54768,0.998415130324946,6.598339075794829,geometric,1.7989531483617611,0.0,1.631620301050134,9813.050113456964
en,dickens,late,1865,Our_Mutual_Friend,bernoulli,28,54768,1.0034227815185326,6.612524574726095,geometric,1.0652105571352877,0.0,1.009823226777371,9708.934198792384
en,dickens,late,1865,Our_Mutual_Friend,bernoulli,29,54768,1.0007787285509089,6.6049333392301,geometric,1.9516647462151013,0.0,1.9998684487654828,9854.507305689796
en,dickens,late,1865,Our_Mutual_Friend,bernoulli,30,54768,1.000542256695201,6.604142156234671,geometric,1.9763714172877371,0.0,1.8889880266506225,9411.836288181832
en,dickens,late,1865,Our_Mutual_Friend,bernoulli,31,54768,0.9971463394815506,6.594345820888956,geometric,1.347401263192296,0.0,1.0014903487754054,9779.288082574843
en,dickens,late,1865,Our_Mutual_Friend,bernoulli,32,54768,1.0033157376911293,6.6122548324144095,geometric,1.123368187341839,0.0,1.1497332806466147,9764.13411163236
en,dickens,late,1865,Our_Mutual_Friend,bernoulli,33,54768,1.0008398366365876,6.6050774446754295,geometric,1.943462049763184,0.0,1.889235278009437,9595.07834220992
en,dickens,late,1865,Our_Mutual_Friend,bernoulli,34,54768,1.0016576942586364,6.607309546389423,geometric,1.7812123812036589,0.0,1.9580510320374742,9850.372638665373
en,dickens,late,1865,Our_Mutual_Friend,bernoulli,35,54768,1.001320894322702,6.606615483296845,geometric,1.8609012262895703,0.0,1.9212963206227869,9987.07719782344
en,dickens,late,1865,Our_Mutual_Friend,bernoulli,36,54768,0.999238628861759,6.600660111054344,geometric,1.9533082526759245,0.0,1.9971677751746029,9361.802521687292
en,dickens,late,1865,Our_Mutual_Friend,bernoulli,37,54768,1.0038478512747782,6.613222899349057,geometric,0.8200056733330712,0.0,0.8606061700847931,9715.369683763478
en,dickens,late,1865,Our_Mutual_Friend,bernoulli,38,54768,1.000812061423456,6.605009738437627,geometric,1.9474336177809164,0.0,1.9984363219700754,9899.991159510973
en,dickens,late,1865,Our_Mutual_Friend,bernoulli,39,54768,1.0008777580873431,6.6052940503335,geometric,1.9382526815170422,0.0,1.893645866541192,9618.744688772014
en,dickens,late,1865,Our_Mutual_Friend,bernoulli,40,54768,0.9990537074121633,6.5997771231274065,geometric,1.9284018534235656,0.0,1.8764829382998869,9964.353721947118
en,dickens,late,1865,Our_Mutual_Friend,bernoulli,41,54768,1.000340492167965,6.6038037225812705,geometric,1.9907089285552502,0.0,1.983518700581044,9617.632269643946
en,dickens,late,1865,Our_Mutual_Friend,bernoulli,42,54768,1.0066976112688542,6.621745150320541,nbinom,0.32381472777342424,1.8913821151363663,0.0,9718.477576911158
en,dickens,late,1865,Our_Mutual_Friend,bernoulli,43,54768,0.9996426002726158,6.601742309654262,geometric,1.989734337781556,0.0,1.9960470500518568,9509.217588004016
en,dickens,late,1865,Our_Mutual_Friend,bernoulli,44,54768,1.000788206095821,6.605054918632627,geometric,1.9503381125396118,0.0,1.9594246303313412,9790.328424875217
en,dickens,late,1865,Our_Mutual_Friend,bernoulli,45,54768,1.007486492737975,6.623394069139726,nbinom,0.5409832508303225,2.994485283619724,0.0,9756.77368988865
en,dickens,late,1865,Our_Mutual_Friend,bernoulli,46,54768,0.9989468836488138,6.599776043170811,geometric,1.9109128920244984,0.0,1.9511952070170082,9612.437083420053
en,dickens,late,1865,Our_Mutual_Friend,bernoulli,47,54768,0.9946572056676622,6.587489978007206,nbinom,0.6242298010620289,0.9194633784936741,0.0,9661.750378361205
en,dickens,late,1865,Our_Mutual_Friend,bernoulli,48,54768,0.9993746909287515,6.6011646805851205,geometric,1.9686882678652182,0.0,1.9666541742626578,9824.779906851414
en,dickens,late,1865,Our_Mutual_Friend,bernoulli,49,54768,0.9967848805408331,6.5936070938589815,geometric,1.1655216739163734,0.0,1.4665694602881558,9545.612171948014
en,dickens,middle,1850,David_Copperfield,real,0,63079,1.6247218026958583,7.006776880862054,lognormal,2136.5330405945424,22392.694816318224,1170.4227111933287,0.0
en,dickens,middle,1850,David_Copperfield,shuffled,0,63079,1.0017966042117399,6.234123665697095,geometric,1.7045172231155448,0.0,1.5754599150968716,10890.870383654896
en,dickens,middle,1850,David_Copperfield,shuffled,1,63079,0.997452145167469,6.222539939040018,geometric,1.405235797923524,0.0,1.2847242668503895,11161.302974046615
en,dickens,middle,1850,David_Copperfield,shuffled,2,63079,1.0015451215557116,6.233507682521363,geometric,1.782110076979734,0.0,1.8033620136557147,11055.169763032347
en,dickens,middle,1850,David_Copperfield,shuffled,3,63079,1.0004244651603453,6.230632041372382,geometric,1.9834974541445263,0.0,1.95023466902785,10961.114796158392
en,dickens,middle,1850,David_Copperfield,shuffled,4,63079,0.9998138443415847,6.228958672868707,geometric,1.9968381834914908,0.0,1.955787228886038,11327.173247892759
en,dickens,middle,1850,David_Copperfield,shuffled,5,63079,0.9934431097736063,6.211552674254872,nbinom,1.064891662041191,3.012617965170648,0.0,11307.282246123941
en,dickens,middle,1850,David_Copperfield,shuffled,6,63079,0.9951297587849934,6.2162309815122025,weibull,0.0,0.1835841565625742,0.13276170653989539,11040.873034680437
en,dickens,middle,1850,David_Copperfield,shuffled,7,63079,0.9933489331671819,6.211370928282967,weibull,0.0,2.102248843992129,1.1987404093379155,10743.236654113512
en,dickens,middle,1850,David_Copperfield,shuffled,8,63079,1.0006938805224204,6.231101092285691,geometric,1.955949647934176,0.0,1.9328771798172966,11062.542805452948
en,dickens,middle,1850,David_Copperfield,shuffled,9,63079,0.9983590965882474,6.224730520771442,geometric,1.7527513899840415,0.0,1.8015400568256155,10951.94857953873
en,dickens,middle,1850,David_Copperfield,shuffled,10,63079,0.9998316116590975,6.228815557883005,geometric,1.9974035452469252,0.0,1.9984364781994373,11138.593326557195
en,dickens,middle,1850,David_Copperfield,shuffled,11,63079,1.0030000085342463,6.237343127093167,geometric,1.1830785693600774,0.0,1.515725644887425,11346.616321167676
en,dickens,middle,1850,David_Copperfield,shuffled,12,63079,1.0049267818348633,6.242688982781441,nbinom,0.27973078563809395,0.4930994202150032,0.0,10867.49476801738
en,dickens,middle,1850,David_Copperfield,shuffled,13,63079,0.9977092812510246,6.223270869993508,geometric,1.5176838680636138,0.0,1.5625578506151214,10789.689339132281
en,dickens,middle,1850,David_Copperfield,shuffled,14,63079,0.995177233204981,6.216299636864635,weibull,0.0,0.14085519907530397,0.0037897363654337823,11040.296847632853
en,dickens,middle,1850,David_Copperfield,shuffled,15,63079,0.99934143639182,6.227352858864439,geometric,1.9603145477594808,0.0,1.915784202865325,10979.605761823594
en,dickens,middle,1850,David_Copperfield,shuffled,16,63079,0.9952911930890823,6.2167409694397815,weibull,0.0,0.043896090355701745,0.28820496768457815,10935.30245475081
en,dickens,middle,1850,David_Copperfield,shuffled,17,63079,0.9989940390532985,6.226653867059712,geometric,1.907222912821453,0.0,1.8970674055744894,10946.77799027221
en,dickens,middle,1850,David_Copperfield,shuffled,18,63079,0.9968643221656595,6.220757166661562,geometric,1.098440324945841,0.0,0.9001811964553781,11157.822196562192
en,dickens,middle,1850,David_Copperfield,shuffled,19,63079,0.9948479574638835,6.215000241521501,nbinom,0.7237934307195246,1.1583038180833682,0.0,11214.165419443627
en,dickens,middle,1850,David_Copperfield,shuffled,20,63079,0.9999953348507373,6.229414613533539,geometric,1.9999980635475367,0.0,1.9924187391879968,10909.995660898625
en,dickens,middle,1850,David_Copperfield,shuffled,21,63079,0.9990562981696085,6.2269324342888765,geometric,1.9183652080828324,0.0,1.9492643021512777,11048.56444590271
en,dickens,middle,1850,David_Copperfield,shuffled,22,63079,1.00413545222249,6.240561317621622,geometric,0.43819564225850627,0.0,0.07773823337629437,10799.091390999383
en,dickens,middle,1850,David_Copperfield,shuffled,23,63079,1.0006218814088224,6.231178646631303,geometric,1.964586980524473,0.0,1.9363564671948552,10971.874247091182
en,dickens,middle,1850,David_Copperfield,shuffled,24,63079,1.0037138704147668,6.239422533085641,geometric,0.7434062783722766,0.0,0.7757488083443604,11013.265252206242
en,dickens,middle,1850,David_Copperfield,shuffled,25,63079,1.0049788524226217,6.242683556468432,nbinom,0.3066797954379581,0.5670510501367971,0.0,10893.403299312457
en,dickens,middle,1850,David_Copperfield,shuffled,26,63079,1.0021686973822037,6.235060496113048,geometric,1.5712695110123605,0.0,1.6160709746181965,11199.361691791448
en,dickens,middle,1850,David_Copperfield,shuffled,27,63079,1.0020526919290749,6.234995375112353,geometric,1.615029992419295,0.0,1.5517410265747458,11001.047325941268
en,dickens,middle,1850,David_Copperfield,shuffled,28,63079,0.996149973135842,6.219089762877347,geometric,0.6367344498867169,0.0,0.7648494028835557,11035.260662216984
en,dickens,middle,1850,David_Copperfield,shuffled,29,63079,0.9938878943156619,6.212814199021565,weibull,0.0,1.4509045636514202,0.2127296928083524,10717.892009316536
en,dickens,middle,1850,David_Copperfield,shuffled,30,63079,0.9988853684170029,6.226411916597488,geometric,1.8864295859239064,0.0,1.8211992379510775,11168.235156743787
en,dickens,middle,1850,David_Copperfield,shuffled,31,63079,1.000323041459228,6.230343597527533,geometric,1.9904485029401258,0.0,1.9850677457870916,10916.874663692142
en,dickens,middle,1850,David_Copperfield,shuffled,32,63079,0.9918248375540468,6.206931342716225,nbinom,0.14644291158765554,4.323129352880642,0.0,10981.834785996936
en,dickens,middle,1850,David_Copperfield,shuffled,33,63079,0.9989871270227745,6.226655846707917,geometric,1.9062907529296353,0.0,1.831181518966332,11316.884828894865
en,dickens,middle,1850,David_Copperfield,shuffled,34,63079,0.9985381689897912,6.225583181119795,geometric,1.8041568868793547,0.0,1.71427116333507,10911.514534336166
en,dickens,middle,1850,David_Copperfield,shuffled,35,63079,0.9972419861323176,6.221980866651207,geometric,1.3015909524983726,0.0,1.2810930657433346,11080.628005520033
en,dickens,middle,1850,David_Copperfield,shuffled,36,63079,0.9997476001821833,6.228795098594196,geometric,1.9941591879469343,0.0,1.999684655922465,10999.111423657043
en,dickens,middle,1850,David_Copperfield,shuffled,37,63079,1.0035936122611648,6.238868481798487,geometric,0.8219081840361468,0.0,0.5901416107662953,11049.399064320489
en,dickens,middle,1850,David_Copperfield,shuffled,38,63079,0.997988537190964,6.223791424673863,geometric,1.6304301290074363,0.0,1.3145469584851526,11274.113320820266
en,dickens,middle,1850,David_Copperfield,shuffled,39,63079,1.002218498979211,6.235199773410644,geometric,1.5506761013530195,0.0,1.5876371104386635,10930.470980178856
en,dickens,middle,1850,David_Copperfield,shuffled,40,63079,0.999397742415223,6.2277128719712325,geometric,1.9668818601057865,0.0,1.8315229762229137,11082.174693377689
en,dickens,middle,1850,David_Copperfield,shuffled,41,63079,0.9955155055514231,6.217300524515961,geometric,0.14498297759564593,0.0,0.486280839482788,10869.445660380297
en,dickens,middle,1850,David_Copperfield,shuffled,42,63079,1.0000097753425015,6.229469442604858,geometric,1.9999913531937636,0.0,1.9814970990992151,11066.543965288729
en,dickens,middle,1850,David_Copperfield,shuffled,43,63079,0.9957990450628684,6.217694772334347,geometric,0.36951782181859016,0.0,0.7940273646381684,10596.870044640847
en,dickens,middle,1850,David_Copperfield,shuffled,44,63079,0.9992713423889603,6.227355010765414,geometric,1.9514008596888743,0.0,1.9295516437268816,11050.94290194643
en,dickens,middle,1850,David_Copperfield,shuffled,45,63079,1.0057949036757545,6.24489766855967,nbinom,0.45298952877055854,1.513391351501923,0.0,10845.497220868012
en,dickens,middle,1850,David_Copperfield,shuffled,46,63079,0.9998812769565002,6.228964332161839,geometric,1.9987085343454964,0.0,1.9997988592949696,10897.521992361813
en,dickens,middle,1850,David_Copperfield,shuffled,47,63079,1.0044011871154823,6.241216057813707,geometric,0.23645877605304122,0.0,0.08049912191927433,11122.484894654364
en,dickens,middle,1850,David_Copperfield,shuffled,48,63079,0.999554656434563,6.228068562041599,geometric,1.9818029199377634,0.0,1.9941226813825779,10776.752950223396
en,dickens,middle,1850,David_Copperfield,shuffled,49,63079,0.9987149312292893,6.225920275143037,geometric,1.8489612493431196,0.0,1.8061183276586235,11208.23012511892
en,dickens,middle,1850,David_Copperfield,bernoulli,0,63079,1.001931694234403,6.2346936657808865,geometric,1.6583243594504893,0.0,1.4171034433529712,10930.769682014303
en,dickens,middle,1850,David_Copperfield,bernoulli,1,63079,0.9991080555565721,6.226974514844265,geometric,1.9269703205791302,0.0,1.9819613345316611,10893.080214894959
en,dickens,middle,1850,David_Copperfield,bernoulli,2,63079,0.9995568624026595,6.228122442232046,geometric,1.9819789803004824,0.0,1.9948491809773259,10904.890054817079
en,dickens,middle,1850,David_Copperfield,bernoulli,3,63079,0.9955468306209149,6.217384176574615,geometric,0.1709691759897396,0.0,0.4933946967939846,10810.173009053397
en,dickens,middle,1850,David_Copperfield,bernoulli,4,63079,1.00302733835325,6.237644480713202,geometric,1.1605985581991263,0.0,0.638400831783656,10826.17716095812
en,dickens,middle,1850,David_Copperfield,bernoulli,5,63079,1.0000531101838628,6.229538535386247,geometric,1.9997423046152107,0.0,1.9974522683769464,11123.35692397022
en,dickens,middle,1850,David_Copperfield,bernoulli,6,63079,0.996446420586552,6.21977236776995,geometric,0.8395905249635689,0.0,0.8317457519005984,11031.642063333944
en,dickens,middle,1850,David_Copperfield,bernoulli,7,63079,0.9958853288428406,6.218193225227251,nbinom,0.6228959083091468,0.17298912355909124,0.0,11311.951344218221
en,dickens,middle,1850,David_Copperfield,bernoulli,8,63079,1.0035714413424142,6.238993468260455,geometric,0.8378848189604469,0.0,0.9989758097217418,10982.981283960922
en,dickens,middle,1850,David_Copperfield,bernoulli,9,63079,1.0005512480781635,6.230877332884,geometric,1.9721875378745608,0.0,1.9504481621552259,10986.577864559658
en,dickens,middle,1850,David_Copperfield,bernoulli,10,63079,1.0025309791640926,6.236210014783907,geometric,1.4152401843457483,0.0,1.4062669954728335,10925.966686012514
en,dickens,middle,1850,David_Copperfield,bernoulli,11,63079,1.001783892995814,6.234080240159733,geometric,1.7098259198246524,0.0,1.8029640660388395,11104.40115825279
en,dickens,middle,1850,David_Copperfield,bernoulli,12,63079,1.0061797914407293,6.245926466790353,weibull,0.0,1.4575984905241057,0.48138040071353316,11310.119513422891
en,dickens,middle,1850,David_Copperfield,bernoulli,13,63079,0.9997712859877853,6.228397769084999,geometric,1.9951939451275393,0.0,1.9942578211193904,10712.337161520612
en,dickens,middle,1850,David_Copperfield,bernoulli,14,63079,1.000222992968724,6.2297736933041605,geometric,1.9954393405932933,0.0,1.9731640401296318,10814.342609352432
en,dickens,middle,1850,David_Copperfield,bernoulli,15,63079,0.9971969167554751,6.221870085478956,geometric,1.27488647273276,0.0,1.6670065338839777,10793.403980346804
en,dickens,middle,1850,David_Copperfield,bernoulli,16,63079,1.0038016937128387,6.239519764214636,geometric,0.6859519366989844,0.0,0.9472715639858507,11075.996482532413
en,dickens,middle,1850,David_Copperfield,bernoulli,17,63079,1.0012498915806387,6.232718198901452,geometric,1.8573231632472016,0.0,1.8847441560938023,11017.24293277174
en,dickens,middle,1850,David_Copperfield,bernoulli,18,63079,1.0009003364394051,6.231668882549882,geometric,1.9259749534539878,0.0,1.957802051154431,11101.357299848692
en,dickens,middle,1850,David_Copperfield,bernoulli,19,63079,1.0000371859658053,6.229494889459841,geometric,1.9998736257548444,0.0,1.9845958317746408,11280.975194601982
en,dickens,middle,1850,David_Copperfield,bernoulli,20,63079,1.0086752644986636,6.251972520792623,nbinom,0.16649511217838153,4.9909935290925205,0.0,10945.118508193409
en,dickens,middle,1850,David_Copperfield,bernoulli,21,63079,0.9981658250012246,6.22441904935077,geometric,1.691619964200072,0.0,1.649707120959647,11076.381658172002
en,dickens,middle,1850,David_Copperfield,bernoulli,22,63079,1.0057502132416947,6.244721556482253,nbinom,0.5677445772453211,1.5824397786636837,0.0,10786.379294037295
en,dickens,middle,1850,David_Copperfield,bernoulli,23,63079,1.0029015414922444,6.2370597791309,geometric,1.2340718423365615,0.0,1.4628395466133952,11118.964129576285
en,dickens,middle,1850,David_Copperfield,bernoulli,24,63079,0.999738197889926,6.22869082134946,geometric,1.9937193159130402,0.0,1.994019316334743,10921.915602074703
en,dickens,middle,1850,David_Copperfield,bernoulli,25,63079,0.994906617778534,6.215716961585868,nbinom,0.37880341842537746,0.7627510926104151,0.0,11104.941189178906
en,dickens,middle,1850,David_Copperfield,bernoulli,26,63079,0.9982584570289137,6.224262769366819,geometric,1.722780471201986,0.0,1.53876784699969,11239.497512004804
en,dickens,middle,1850,David_Copperfield,bernoulli,27,63079,0.9976958386954704,6.223072045396485,geometric,1.5136016035685316,0.0,1.296757674368564,11050.351448762289
en,dickens,middle,1850,David_Copperfield,bernoulli,28,63079,0.9995425654412514,6.228225387058723,geometric,1.9807832178776152,0.0,1.9997565100784414,10795.847833279986
en,dickens,middle,1850,David_Copperfield,bernoulli,29,63079,0.9965728776388498,6.220225495973441,geometric,0.9202818764606491,0.0,0.9782544623594731,11041.454482836067
en,dickens,middle,1850,David_Copperfield,bernoulli,30,63079,1.0095563466774613,6.254602337122846,weibull,0.0,6.2458230024785735,0.7538289767690003,11150.27352580399
en,dickens,middle,1850,David_Copperfield,bernoulli,31,63079,1.0013354306927569,6.233025777750442,geometric,1.8371217622188851,0.0,1.8332184427999891,11123.541006707354
en,dickens,middle,1850,David_Copperfield,bernoulli,32,63079,1.0002175587518587,6.229899328234257,geometric,1.9956861395039596,0.0,1.9383578539127484,10990.606318306527
en,dickens,middle,1850,David_Copperfield,bernoulli,33,63079,1.0080693594774695,6.250771686372813,nbinom,0.1838840275304392,4.089079859200865,0.0,11083.412226680666
en,dickens,middle,1850,David_Copperfield,bernoulli,34,63079,0.9973581472846902,6.222263229211668,geometric,1.35693928017281,0.0,1.6046172733185813,10716.944863448094
en,dickens,middle,1850,David_Copperfield,bernoulli,35,63079,0.9935306152319507,6.211430673368972,nbinom,0.637306145625189,2.4903636854724027,0.0,11009.994733924977
en,dickens,middle,1850,David_Copperfield,bernoulli,36,63079,0.9967492917463985,6.2205593120540374,geometric,1.028961922507733,0.0,0.9129043550929055,10833.41090379795
en,dickens,middle,1850,David_Copperfield,bernoulli,37,63079,0.9995973887498648,6.228359675150164,geometric,1.9851625972660258,0.0,1.9812009871238843,11074.49627328344
en,dickens,middle,1850,David_Copperfield,bernoulli,38,63079,1.0032531928004789,6.238159282084488,geometric,1.0361513927346095,0.0,1.1819613766274415,11076.284372909402
en,dickens,middle,1850,David_Copperfield,bernoulli,39,63079,1.0038946607154133,6.23982747434332,geometric,0.6173276350600645,0.0,0.6024036852759309,10937.261615111143
en,dickens,middle,1850,David_Copperfield,bernoulli,40,63079,1.0039843515107234,6.239868797412372,geometric,0.5543302879668772,0.0,0.5160027287201956,11115.001985223265
en,dickens,middle,1850,David_Copperfield,bernoulli,41,63079,1.002903049324489,6.23712154099192,geometric,1.228359242901206,0.0,0.9262360079446808,10708.910099592234
en,dickens,middle,1850,David_Copperfield,bernoulli,42,63079,0.995528318689078,6.217380070922179,nbinom,0.4360760033596307,0.26807641581399366,0.0,11398.093662609928
en,dickens,middle,1850,David_Copperfield,bernoulli,43,63079,0.9965035826141322,6.2199963366957105,geometric,0.8746245065121911,0.0,1.0242645597900264,10847.207079049433
en,dickens,middle,1850,David_Copperfield,bernoulli,44,63079,0.9984496384238029,6.22520050471211,geometric,1.7796614114777185,0.0,1.7007766484166496,10897.105376116408
en,dickens,middle,1850,David_Copperfield,bernoulli,45,63079,0.9985745068174807,6.225545604282427,geometric,1.8130120172863826,0.0,1.9055820651119575,10697.836826824932
en,dickens,middle,1850,David_Copperfield,bernoulli,46,63079,1.0001048645258739,6.229709304801782,geometric,1.9989936632337049,0.0,1.9948150723357685,10816.679394975188
en,dickens,middle,1850,David_Copperfield,bernoulli,47,63079,0.9954155915944409,6.216994544661425,geometric,0.06491724704392254,0.0,0.1670940539916046,11022.120044518611
en,dickens,middle,1850,David_Copperfield,bernoulli,48,63079,1.0033482903222217,6.238269919988764,geometric,0.9796011176076718,0.0,1.147488483984489,11043.451093745243
en,dickens,middle,1850,David_Copperfield,bernoulli,49,63079,0.9959896445976415,6.218518152897774,geometric,0.5138995791203342,0.0,1.0340885277837515,10722.592704368697
nl,couperus,early,1889,Eline_Vere,real,0,38381,1.2796082510557816,5.655142948076457,weibull,0.0,2896.763458767702,171.62354726027115,12307.597412848903
nl,couperus,early,1889,Eline_Vere,shuffled,0,38381,1.0013647192172943,5.245740220525864,geometric,1.8994412299362011,0.0,1.9753829199180473,6394.414271124726
nl,couperus,early,1889,Eline_Vere,shuffled,1,38381,1.0002182649680633,5.2427472478677535,geometric,1.9974065537098795,0.0,1.9648034078418277,6232.8329065256985
nl,couperus,early,1889,Eline_Vere,shuffled,2,38381,0.9963694980759736,5.233746371441415,geometric,1.2822450266685337,0.0,1.1358156192000024,6249.738069368177
nl,couperus,early,1889,Eline_Vere,shuffled,3,38381,1.0031180956370105,5.249658443565782,geometric,1.4751561155426316,0.0,1.6242520230007358,6306.162791745388
nl,couperus,early,1889,Eline_Vere,shuffled,4,38381,1.0025180070872703,5.248278541946463,geometric,1.657129414001247,0.0,1.6485206547367852,6368.467021086486
nl,couperus,early,1889,Eline_Vere,shuffled,5,38381,0.999031016879995,5.240276187342258,geometric,1.9491991710383445,0.0,1.839790300320601,6410.911503851414
nl,couperus,early,1889,Eline_Vere,shuffled,6,38381,1.0017726658250297,5.246506898063988,geometric,1.8304591137566604,0.0,1.9409467680670787,6421.367844279623
nl,couperus,early,1889,Eline_Vere,shuffled,7,38381,1.0002036595610768,5.24320846576458,geometric,1.9977608484914526,0.0,1.9894996806397103,6495.065818489238
nl,couperus,early,1889,Eline_Vere,shuffled,8,38381,1.0056341242082967,5.255447575877547,nbinom,0.5362754717061762,0.25878924955031835,0.0,5974.518831503548
nl,couperus,early,1889,Eline_Vere,shuffled,9,38381,1.004750936426999,5.253384585636994,geometric,0.7843044032342732,0.0,0.9353246820392087,6375.218445312406
nl,couperus,early,1889,Eline_Vere,shuffled,10,38381,0.9991088442614353,5.2398508951071445,geometric,1.956944379810011,0.0,1.932132691174047,6422.16790114381
nl,couperus,early,1889,Eline_Vere,shuffled,11,38381,0.9920249028927821,5.224319808329061,nbinom,0.2390136297326535,1.7201551097386982,0.0,6254.03672830938
nl,couperus,early,1889,Eline_Vere,shuffled,12,38381,0.9958076349369274,5.23290903560383,geometric,1.040346693014726,0.0,0.8117854314332362,6026.168884050188
nl,couperus,early,1889,Eline_Vere,shuffled,13,38381,1.00686592578804,5.258097912205644,weibull,0.0,0.5271931693132501,0.25468695294694044,6575.829574420612
nl,couperus,early,1889,Eline_Vere,shuffled,14,38381,0.9903259722170162,5.2199564933330524,nbinom,0.4393099675071426,3.5690801631717477,0.0,6244.137806501822
nl,couperus,early,1889,Eline_Vere,shuffled,15,38381,1.004484595010206,5.252803074633124,geometric,0.9127267396252137,0.0,0.7900538611866068,6266.948862175923
nl,couperus,early,1889,Eline_Vere,shuffled,16,38381,1.006469929732439,5.257168178254368,weibull,0.0,0.2534896230790764,0.11170905648032203,6272.264350786805
nl,couperus,early,1889,Eline_Vere,shuffled,17,38381,0.9990742411128137,5.240109211341489,geometric,1.9534330874157604,0.0,1.9322256313171238,6240.456685710233
nl,couperus,early,1889,Eline_Vere,shuffled,18,38381,0.9993571569728278,5.240989357324564,geometric,1.9775233498075977,0.0,1.9828029146010522,6206.955593568622
nl,couperus,early,1889,Eline_Vere,shuffled,19,38381,0.9891220747524495,5.217291774981118,weibull,0.0,4.519859599764459,0.5142327100038528,6201.741296553169
nl,couperus,early,1889,Eline_Vere,shuffled,20,38381,0.9966831632324118,5.235026241306402,geometric,1.4027771943365224,0.0,1.1763211361831054,6398.910763657477
nl,couperus,early,1889,Eline_Vere,shuffled,21,38381,0.997418835879303,5.236310588897304,geometric,1.6368565922020935,0.0,1.6466193994565401,6183.691306945722
nl,couperus,early,1889,Eline_Vere,shuffled,22,38381,0.9973597074857452,5.236364215482727,geometric,1.6208478647458833,0.0,1.570149108854821,6306.32089983378
nl,couperus,early,1889,Eline_Vere,shuffled,23,38381,1.0056447015503205,5.255370086749467,geometric,0.29037021700059995,0.0,0.7835530245793052,6457.214615699922
nl,couperus,early,1889,Eline_Vere,shuffled,24,38381,1.0009934866934658,5.24479834498163,geometric,1.946474672993645,0.0,1.9545143541763537,6217.948329772684
nl,couperus,early,1889,Eline_Vere,shuffled,25,38381,0.9945202509972058,5.229716369121617,geometric,0.3635737699805759,0.0,0.13007059239316732,6335.905413350149
nl,couperus,early,1889,Eline_Vere,shuffled,26,38381,1.0038602409565307,5.251330819599216,geometric,1.196642330585746,0.0,1.402137057040818,6287.653776019579
nl,couperus,early,1889,Eline_Vere,shuffled,27,38381,1.0035065455076362,5.250583723741907,geometric,1.3367921642493457,0.0,1.412311231601052,6433.2446115089115
nl,couperus,early,1889,Eline_Vere,shuffled,28,38381,0.9933130184174417,5.227134644448859,nbinom,0.17896726203616709,0.6241241921961773,0.0,6215.284832953737
nl,couperus,early,1889,Eline_Vere,shuffled,29,38381,1.0010224417718834,5.244805871034414,geometric,1.9436172968125902,0.0,1.9948598998307716,6467.300391010009
nl,couperus,early,1889,Eline_Vere,shuffled,30,38381,1.00086322377977,5.244663992115059,geometric,1.9593578857602552,0.0,1.8562778132618405,6020.808295379567
nl,couperus,early,1889,Eline_Vere,shuffled,31,38381,0.9981269246043917,5.238253604220379,geometric,1.8092801567399874,0.0,1.714840661501512,6192.027312959806
nl,couperus,early,1889,Eline_Vere,shuffled,32,38381,0.9979479528952827,5.237550100078717,geometric,1.7729073254740797,0.0,1.4228274653141852,6662.540627339185
nl,couperus,early,1889,Eline_Vere,shuffled,33,38381,0.9932669622876769,5.226981003327117,weibull,0.0,0.48620762798236683,0.3647498846112285,6212.318448070728
nl,couperus,early,1889,Eline_Vere,shuffled,34,38381,0.9976201167425482,5.237257391176535,geometric,1.6929428165894933,0.0,1.5473198606050573,6450.926995951799
nl,couperus,early,1889,Eline_Vere,shuffled,35,38381,0.9991373371763302,5.240568956581411,geometric,1.9596713531354908,0.0,1.9432446294522379,6410.9817381287285
nl,couperus,early,1889,Eline_Vere,shuffled,36,38381,1.005356756962684,5.254592137796593,geometric,0.45427110500168055,0.0,0.500498830457218,6357.369933356007
nl,couperus,early,1889,Eline_Vere,shuffled,37,38381,1.0055355925319183,5.255130214376294,geometric,0.35394908554735593,0.0,0.7048832602158654,6478.330552902276
nl,couperus,early,1889,Eline_Vere,shuffled,38,38381,0.9984771630865983,5.23897878162267,geometric,1.8739885810646228,0.0,1.8594930081162602,6305.000840063411
nl,couperus,early,1889,Eline_Vere,shuffled,39,38381,1.0015078412124414,5.246096786963131,geometric,1.876895511202747,0.0,1.8843761824537069,6292.806993064325
nl,couperus,early,1889,Eline_Vere,shuffled,40,38381,1.0028143960947513,5.249015320307692,geometric,1.5699830553785432,0.0,1.303262180153979,6209.762616945634
nl,couperus,early,1889,Eline_Vere,shuffled,41,38381,1.0052966556979532,5.254689125789678,geometric,0.4830985524749849,0.0,0.3567655776569154,6148.300730887306
nl,couperus,early,1889,Eline_Vere,shuffled,42,38381,1.007742172866874,5.260003238743943,nbinom,0.6786458531278186,1.9206685841782019,0.0,6086.127781158226
nl,couperus,early,1889,Eline_Vere,shuffled,43,38381,1.004033425862462,5.251642231918019,geometric,1.1224304334900808,0.0,1.2166095979046077,6377.282021757594
nl,couperus,early,1889,Eline_Vere,shuffled,44,38381,1.0008676460128747,5.24456434397176,geometric,1.9591741136391647,0.0,1.9541571566951461,6275.031493830349
nl,couperus,early,1889,Eline_Vere,shuffled,45,38381,1.0075390350391216,5.2595833983146125,weibull,0.0,1.0478223524114583,0.46565725782420486,6387.362630112388
nl,couperus,early,1889,Eline_Vere,shuffled,46,38381,1.002781847490097,5.248991423368789,geometric,1.5801819590851665,0.0,1.4472805362020154,6187.188108550647
nl,couperus,early,1889,Eline_Vere,shuffled,47,38381,1.0051526388123921,5.2544305184269895,geometric,0.5609674481092952,0.0,0.13592226861510426,6108.194314898312
nl,couperus,early,1889,Eline_Vere,shuffled,48,38381,1.0018810063825836,5.246779886582099,geometric,1.808971338585252,0.0,1.905535464757122,6404.350756071828
nl,couperus,early,1889,Eline_Vere,shuffled,49,38381,1.0004297204717396,5.243567613405551,geometric,1.9899767278693616,0.0,1.9884252872725483,6221.097397633421
nl,couperus,early,1889,Eline_Vere,bernoulli,0,38381,1.003780342813001,5.25083103355702,geometric,1.2304151563439518,0.0,1.446961731679039,6395.472343996749
nl,couperus,early,1889,Eline_Vere,bernoulli,1,38381,0.9877249964345827,5.21380181754118,weibull,0.0,6.319608523743227,0.7242011108319275,6200.537899601448
nl,couperus,early,1889,Eline_Vere,bernoulli,2,38381,1.0045576018012916,5.252612646559817,geometric,0.8743573745014146,0.0,0.6351553274434991,6133.039165979193
nl,couperus,early,1889,Eline_Vere,bernoulli,3,38381,0.9982163890735241,5.2385612560227095,geometric,1.8268413030018564,0.0,1.8507964942255057,6262.918269086076
nl,couperus,early,1889,Eline_Vere,bernoulli,4,38381,1.0083329166807535,5.261402131018742,weibull,0.0,1.7209681870881468,0.3509244250599295,6418.109738553787
nl,couperus,early,1889,Eline_Vere,bernoulli,5,38381,1.0015461309009255,5.246195548626048,geometric,1.869635353446938,0.0,1.6548256614478305,6032.981821147143
nl,couperus,early,1889,Eline_Vere,bernoulli,6,38381,0.9989148188146503,5.240109197717128,geometric,1.935945924196858,0.0,1.958819739316823,6270.103730870906
nl,couperus,early,1889,Eline_Vere,bernoulli,7,38381,1.0027053101573842,5.248740682908218,geometric,1.6028679821756668,0.0,1.4012766574160196,6228.865481729677
nl,couperus,early,1889,Eline_Vere,bernoulli,8,38381,0.9974162440427079,5.236791184846693,geometric,1.6350154691608623,0.0,1.7906733474810608,6091.433233229327
nl,couperus,early,1889,Eline_Vere,bernoulli,9,38381,1.0050646366215323,5.253981466709448,geometric,0.6197046292945743,0.0,0.9496041414677165,6321.169628650794
nl,couperus,early,1889,Eline_Vere,bernoulli,10,38381,1.0016712349420538,5.246279396733231,geometric,1.8490657998481765,0.0,1.8853459784004372,6441.9274757743115
nl,couperus,early,1889,Eline_Vere,bernoulli,11,38381,0.9941969052526095,5.229099388335767,nbinom,0.3754040964122396,0.21066638905904256,0.0,6307.316456390894
nl,couperus,early,1889,Eline_Vere,bernoulli,12,38381,0.9992791980179707,5.240862856780868,geometric,1.971706699434435,0.0,1.9935241572966333,6162.548314053565
nl,couperus,early,1889,Eline_Vere,bernoulli,13,38381,0.9945945800489419,5.230279139822465,geometric,0.40037216412019916,0.0,0.6235146183462348,6205.297872354306
nl,couperus,early,1889,Eline_Vere,bernoulli,14,38381,1.0010608485627037,5.245082147189595,geometric,1.9389674055855721,0.0,1.9103643099078909,6324.965652879677
nl,couperus,early,1889,Eline_Vere,bernoulli,15,38381,1.0048561194323788,5.25375895173021,geometric,0.7227635893214028,0.0,0.38621882733423263,6123.7981435369
nl,couperus,early,1889,Eline_Vere,bernoulli,16,38381,0.9998894710641135,5.24223109788829,geometric,1.9993355066690128,0.0,1.9914096424472518,6182.726305689954
nl,couperus,early,1889,Eline_Vere,bernoulli,17,38381,0.9953553825612429,5.231638042551463,geometric,0.8289476301870309,0.0,0.3187596911448054,6433.7619218969485
nl,couperus,early,1889,Eline_Vere,bernoulli,18,38381,1.0004165745051887,5.243174674939143,geometric,1.990533758449601,0.0,1.8863497153215576,6102.879323448462
nl,couperus,early,1889,Eline_Vere,bernoulli,19,38381,0.9999885191418725,5.242535802339488,geometric,1.999992914381437,0.0,1.9979485287331045,6335.515924588282
nl,couperus,early,1889,Eline_Vere,bernoulli,20,38381,0.9978632076736449,5.237866706278634,geometric,1.7525809751241468,0.0,1.6850201259367168,6519.11821731794
nl,couperus,early,1889,Eline_Vere,bernoulli,21,38381,1.0028936695921582,5.249184910223246,geometric,1.5471849988098256,0.0,1.6647721357876435,6156.341619567509
nl,couperus,early,1889,Eline_Vere,bernoulli,22,38381,0.9947897239733744,5.229934612278559,geometric,0.5244948982726783,0.0,0.005751099874032661,6357.5392569348915
nl,couperus,early,1889,Eline_Vere,bernoulli,23,38381,1.0046570189827064,5.253247667800707,geometric,0.8265420102397911,0.0,0.7161652210343163,6192.916039460339
nl,couperus,early,1889,Eline_Vere,bernoulli,24,38381,1.0021963737290485,5.2477346320317,geometric,1.7391544563870411,0.0,1.8164584187907167,6264.665150283923
nl,couperus,early,1889,Eline_Vere,bernoulli,25,38381,1.00633561518179,5.2567683690781255,nbinom,0.0017674654081929475,0.16465971304569393,0.0,6262.820984219608
nl,couperus,early,1889,Eline_Vere,bernoulli,26,38381,0.9938301615638433,5.227995199229278,nbinom,0.2994330096116755,0.373464236385189,0.0,6418.302890297433
nl,couperus,early,1889,Eline_Vere,bernoulli,27,38381,0.9977437402509357,5.237454303488743,geometric,1.7232205424224958,0.0,1.6823658379726112,6300.363345108868
nl,couperus,early,1889,Eline_Vere,bernoulli,28,38381,1.0039130234771543,5.25156956822029,geometric,1.1718032524804585,0.0,1.051958819909487,6237.387584563519
nl,couperus,early,1889,Eline_Vere,bernoulli,29,38381,0.9997120646235826,5.241984769411337,geometric,1.995509438420413,0.0,1.97467434668215,6304.803074980882
nl,couperus,early,1889,Eline_Vere,bernoulli,30,38381,1.0008998249277776,5.244611057459353,geometric,1.9560963624971919,0.0,1.9653537419217173,6287.551543845446
nl,couperus,early,1889,Eline_Vere,bernoulli,31,38381,1.0074025970287837,5.259326156065457,weibull,0.0,0.9370885170937981,0.7136072597058956,6347.891689395736
nl,couperus,early,1889,Eline_Vere,bernoulli,32,38381,0.9984593762025524,5.238759256159113,geometric,1.8713141386106145,0.0,1.85819072695449,6495.152973291202
nl,couperus,early,1889,Eline_Vere,bernoulli,33,38381,1.002872558614388,5.249076593818337,geometric,1.5546985211549327,0.0,1.6545169285091106,6366.426817399246
nl,couperus,early,1889,Eline_Vere,bernoulli,34,38381,1.003752747855009,5.251046897359432,geometric,1.2383517976268195,0.0,1.1364616105565801,6306.245250620181
nl,couperus,early,1889,Eline_Vere,bernoulli,35,38381,1.0027982159144546,5.248882374975621,geometric,1.5772565991210286,0.0,1.6382223005930427,6397.052595499059
nl,couperus,early,1889,Eline_Vere,bernoulli,36,38381,0.9933507965441442,5.227097802175896,weibull,0.0,0.42445677175419405,0.08462430932559073,6098.666546643624
nl,couperus,early,1889,Eline_Vere,bernoulli,37,38381,0.9978158423940716,5.237228670776396,geometric,1.7408143704233225,0.0,1.720966199733084,6345.349358835403
nl,couperus,early,1889,Eline_Vere,bernoulli,38,38381,1.0002400619245086,5.243109686441266,geometric,1.9968685143103357,0.0,1.9870995128294453,6298.874049023725
nl,couperus,early,1889,Eline_Vere,bernoulli,39,38381,0.9990872018225224,5.2406613880346615,geometric,1.9547308907203842,0.0,1.9479844013985712,6301.220287642267
nl,couperus,early,1889,Eline_Vere,bernoulli,40,38381,0.9988967545666791,5.239935677845299,geometric,1.9337367321713828,0.0,1.931692981364904,6130.160626168334
nl,couperus,early,1889,Eline_Vere,bernoulli,41,38381,0.9945136688160123,5.230072493601744,geometric,0.3538546743802726,0.0,0.5828497306792997,6294.761258468847
nl,couperus,early,1889,Eline_Vere,bernoulli,42,38381,1.0010898158882187,5.244942361422812,geometric,1.9353749293077271,0.0,1.8127951304486487,6228.658824741113
nl,couperus,early,1889,Eline_Vere,bernoulli,43,38381,1.0002298109796768,5.243137441738068,geometric,1.9971452750323806,0.0,1.996274293283932,6407.122046813456
nl,couperus,early,1889,Eline_Vere,bernoulli,44,38381,1.0058550070786416,5.2558116330651705,geometric,0.15473833010764793,0.0,0.4261116793786641,6281.746218079701
nl,couperus,early,1889,Eline_Vere,bernoulli,45,38381,1.001711246854364,5.2464559803173305,geometric,1.8411836997547653,0.0,1.8503532604663633,6167.252788487123
nl,couperus,early,1889,Eline_Vere,bernoulli,46,38381,1.0089312452883248,5.262705841156701,nbinom,0.6500986683531664,2.9565748483873904,0.0,6051.545806631941
nl,couperus,early,1889,Eline_Vere,bernoulli,47,38381,0.9993846680762752,5.241214416294973,geometric,1.9795574076997582,0.0,1.9175315678003244,6563.96633922818
nl,couperus,early,1889,Eline_Vere,bernoulli,48,38381,0.9929599080768099,5.226260246062097,weibull,0.0,0.711222325975541,0.12067280890187249,6317.165550441481
nl,couperus,early,1889,Eline_Vere,bernoulli,49,38381,0.9984358705954988,5.238641620166155,geometric,1.866503726952942,0.0,1.9211162134597544,6116.490540722327
nl,couperus,late,1917,De_komedianten,real,0,28076,0.9937439411785182,3.7010323766398145,nbinom,3.348035443908884,2.695092563459184,0.0,6766.431389250574
nl,couperus,late,1917,De_komedianten,shuffled,0,28076,1.000466941756053,3.7123524857616177,geometric,1.991949643357657,0.0,1.998887665802613,3946.063220504395
nl,couperus,late,1917,De_komedianten,shuffled,1,28076,0.9981076902283907,3.7083719808373683,geometric,1.8665602978580864,0.0,1.9341794598003617,3771.7384934072616
nl,couperus,late,1917,De_komedianten,shuffled,2,28076,0.9988252886765587,3.7095688904433013,geometric,1.9488786103465827,0.0,1.942746627566521,3924.711975533777
nl,couperus,late,1917,De_komedianten,shuffled,3,28076,0.999726048976332,3.711058468823856,geometric,1.9972183603968006,0.0,1.9947975474351551,3857.3511556770536
nl,couperus,late,1917,De_komedianten,shuffled,4,28076,1.0016294509943693,3.713830792295574,geometric,1.902316621184582,0.0,1.9211634094972396,4065.322630354669
nl,couperus,late,1917,De_komedianten,shuffled,5,28076,1.0068403175778187,3.722655561417435,geometric,0.2784306924295379,0.0,0.12221263129322324,3905.4220563463023
nl,couperus,late,1917,De_komedianten,shuffled,6,28076,0.9982006216448792,3.7084913353412854,geometric,1.8793556437303778,0.0,1.9356731789448531,3756.0918477395608
nl,couperus,late,1917,De_komedianten,shuffled,7,28076,1.0078631932344821,3.7244762152709847,nbinom,0.02056352057843469,0.2878415523446165,0.0,3963.124533694674
nl,couperus,late,1917,De_komedianten,shuffled,8,28076,0.9967667109362582,3.7060829695728987,geometric,1.6129410743888002,0.0,1.5427701996377436,3991.6077420714428
nl,couperus,late,1917,De_komedianten,shuffled,9,28076,1.0017981135824028,3.714259369331681,geometric,1.8802257588249631,0.0,1.8383224849239923,3807.372419223917
nl,couperus,late,1917,De_komedianten,shuffled,10,28076,0.9923573855744295,3.698821706121382,nbinom,0.04527676796715241,0.22547394745924976,0.0,3887.26397682073
nl,couperus,late,1917,De_komedianten,shuffled,11,28076,0.9952242389227318,3.7035154212395742,geometric,1.145491449671681,0.0,1.5074722688441398,3814.9040160790173
nl,couperus,late,1917,De_komedianten,shuffled,12,28076,0.9986490599431482,3.708989860202353,geometric,1.9323452567332424,0.0,1.9264153995609377,3877.0391819326323
nl,couperus,late,1917,De_komedianten,shuffled,13,28076,1.005398339714727,3.7201337980088236,geometric,0.927707630675286,0.0,1.0406725223438116,3853.1580673481512
nl,couperus,late,1917,De_komedianten,shuffled,14,28076,1.0064774808492358,3.7221080249270795,geometric,0.46822066890308633,0.0,0.9051080373028526,4029.9935888386826
nl,couperus,late,1917,De_komedianten,shuffled,15,28076,0.9963196860314047,3.7050035767836054,geometric,1.4956674017303158,0.0,1.4945989750267472,3804.306508985115
nl,couperus,late,1917,De_komedianten,shuffled,16,28076,1.0007622741566138,3.7127723357369256,geometric,1.9783021144248778,0.0,1.848081101255957,3679.010292768711
nl,couperus,late,1917,De_komedianten,shuffled,17,28076,0.9980268662294558,3.7081656696354393,geometric,1.8547739293426275,0.0,1.959878720328561,3837.407874827797
nl,couperus,late,1917,De_komedianten,shuffled,18,28076,0.9998757137179219,3.7113769842162494,geometric,1.999426969065098,0.0,1.9932861699489877,3788.7665776969516
nl,couperus,late,1917,De_komedianten,shuffled,19,28076,1.0005630055228436,3.7124748287844476,geometric,1.988293257105397,0.0,1.993707854038803,3971.729086099658
nl,couperus,late,1917,De_komedianten,shuffled,20,28076,1.0052204546484216,3.7197054316364833,geometric,0.9957493393449113,0.0,0.9945267010771204,3850.0006250841834
nl,couperus,late,1917,De_komedianten,shuffled,21,28076,1.0008187827911468,3.712432058517906,geometric,1.9751557038980536,0.0,1.9665562314912677,3842.285425119131
nl,couperus,late,1917,De_komedianten,shuffled,22,28076,0.9953764280606555,3.7038603071533545,geometric,1.2047525989328278,0.0,1.0835188971541356,3810.7285777200595
nl,couperus,late,1917,De_komedianten,shuffled,23,28076,1.0003835854450203,3.7121809845530866,geometric,1.9945306601148332,0.0,1.9786616990022594,3733.607045262077
nl,couperus,late,1917,De_komedianten,shuffled,24,28076,1.0022607743265552,3.715193590603633,geometric,1.8113563035731204,0.0,1.818401592434384,3923.817589052662
nl,couperus,late,1917,De_komedianten,shuffled,25,28076,0.9939802651459222,3.7009598959841856,geometric,0.654200114950072,0.0,0.3197496386565035,3904.940655221377
nl,couperus,late,1917,De_komedianten,shuffled,26,28076,0.9950073164826716,3.703178416834616,geometric,1.064538731923676,0.0,1.3448870883294148,3634.2952526389854
nl,couperus,late,1917,De_komedianten,shuffled,27,28076,1.002849372330015,3.7162572649260497,geometric,1.7017135085188784,0.0,1.86300980852684,3955.0859220219427
nl,couperus,late,1917,De_komedianten,shuffled,28,28076,0.9932699631332293,3.7003550356226347,nbinom,0.6974154993367847,0.37439131643623114,0.0,3988.2510947194824
nl,couperus,late,1917,De_komedianten,shuffled,29,28076,0.9941023488362012,3.7017864507806104,geometric,0.7005908426654059,0.0,0.991385542351054,3909.3459415624093
nl,couperus,late,1917,De_komedianten,shuffled,30,28076,0.998834092022068,3.709121895183464,geometric,1.9498723914439324,0.0,1.9164208221191075,4100.795634756738
nl,couperus,late,1917,De_komedianten,shuffled,31,28076,1.0057988604021135,3.7208715096318308,geometric,0.7700679417903302,0.0,1.032353186266846,4052.6643556409545
nl,couperus,late,1917,De_komedianten,shuffled,32,28076,0.9965774156197897,3.7059064888344557,geometric,1.56509958425886,0.0,1.5833794824866345,3964.606535666506
nl,couperus,late,1917,De_komedianten,shuffled,33,28076,1.0059051951129794,3.720871879924827,geometric,0.7096532775758533,0.0,0.21662819871562533,3812.634382371587
nl,couperus,late,1917,De_komedianten,shuffled,34,28076,1.0082095011783396,3.7248727086929865,nbinom,0.06424162312760018,0.5430833332502516,0.0,3810.2651442054193
nl,couperus,late,1917,De_komedianten,shuffled,35,28076,1.0070430942043276,3.7229643375318267,geometric,0.18300968197581824,0.0,0.2581142223061761,4025.802698235362
nl,couperus,late,1917,De_komedianten,shuffled,36,28076,1.0068395809232364,3.7226517914224297,geometric,0.2800969339587027,0.0,0.25468079063284677,3886.7355657061125
nl,couperus,late,1917,De_komedianten,shuffled,37,28076,1.0019553453569112,3.7143084439413836,geometric,1.8577790970884962,0.0,1.7396339773986256,3666.6368421807565
nl,couperus,late,1917,De_komedianten,shuffled,38,28076,1.0058830068442077,3.7208433803303453,geometric,0.7406223988509737,0.0,1.2766510381770786,4165.018585058657
nl,couperus,late,1917,De_komedianten,shuffled,39,28076,0.9947750436221987,3.7029493771035673,geometric,0.9803287491668016,0.0,1.087469584439532,3788.0141531684203
nl,couperus,late,1917,De_komedianten,shuffled,40,28076,0.9954408518567448,3.703919764191535,geometric,1.2233354761992814,0.0,1.3283551986532984,3737.974141154569
nl,couperus,late,1917,De_komedianten,shuffled,41,28076,0.9964598158195789,3.7057474550055307,geometric,1.5351661871827673,0.0,1.3634048217500094,3873.2731622230494
nl,couperus,late,1917,De_komedianten,shuffled,42,28076,0.997502866462508,3.707338267461319,geometric,1.768680460008909,0.0,1.6702005602419376,3827.357456070182
nl,couperus,late,1917,De_komedianten,shuffled,43,28076,0.9966535852651388,3.705493050919747,geometric,1.5835588328482118,0.0,1.6523124222730985,3920.988562018145
nl,couperus,late,1917,De_komedianten,shuffled,44,28076,0.9960058666650038,3.7048695209499707,geometric,1.4050634053710382,0.0,1.5348377452028217,3823.892070577538
nl,couperus,late,1917,De_komedianten,shuffled,45,28076,0.9962070769048921,3.7050501551292356,geometric,1.4682204141572583,0.0,1.262726827408187,4054.3020409185556
nl,couperus,late,1917,De_komedianten,shuffled,46,28076,0.9998432229983266,3.7108216427257323,geometric,1.9990878018579679,0.0,1.9871121141477488,3900.4622568358463
nl,couperus,late,1917,De_komedianten,shuffled,47,28076,1.0024366548363703,3.7156284854202806,geometric,1.7805433048924897,0.0,1.7734064958640374,3835.8119713891065
nl,couperus,late,1917,De_komedianten,shuffled,48,28076,0.9913247598614179,3.69706719362273,weibull,0.0,0.8161063742008992,0.05733533848251682,3858.1977083540114
nl,couperus,late,1917,De_komedianten,shuffled,49,28076,1.0008234977168817,3.7128648251050134,geometric,1.9750727660866687,0.0,1.9998338608129416,4047.7670589437475
nl,couperus,late,1917,De_komedianten,bernoulli,0,28076,1.003035299902217,3.7163866070451563,geometric,1.6607139698899118,0.0,1.7063206281745806,3957.325608949046
nl,couperus,late,1917,De_komedianten,bernoulli,1,28076,1.0074914044758123,3.7234078986079373,weibull,0.0,0.05831796026905067,0.0032274057739414275,3967.3512176981603
nl,couperus,late,1917,De_komedianten,bernoulli,2,28076,0.9961501824591352,3.7051502598463246,geometric,1.4480500589415897,0.0,1.4419656427489826,3797.739049871918
nl,couperus,late,1917,De_komedianten,bernoulli,3,28076,1.0076186333104165,3.723854653648977,nbinom,0.15316578092460986,0.2913455619709566,0.0,3773.5586298132257
nl,couperus,late,1917,De_komedianten,bernoulli,4,28076,1.0008309077278423,3.7129149728019897,geometric,1.974537754256744,0.0,1.9889360626984853,3976.532346117776
nl,couperus,late,1917,De_komedianten,bernoulli,5,28076,1.000679811768108,3.7124158431153598,geometric,1.9829366009944351,0.0,1.9938856649387162,3956.881912490251
nl,couperus,late,1917,De_komedianten,bernoulli,6,28076,1.0009074370937616,3.7129705895483864,geometric,1.9695697774295695,0.0,1.9822094859118806,3882.3023322195513
nl,couperus,late,1917,De_komedianten,bernoulli,7,28076,0.9979861737019419,3.7080035134618035,geometric,1.8501021110860165,0.0,1.7926502135815099,4026.5818940366444
nl,couperus,late,1917,De_komedianten,bernoulli,8,28076,0.9952234379747705,3.7035314705298963,geometric,1.1504693356400821,0.0,0.9735373615985736,3772.5946369461453
nl,couperus,late,1917,De_komedianten,bernoulli,9,28076,0.9882611183383493,3.6918717248602366,nbinom,0.2773897575389128,3.436540556678665,0.0,3910.688020696107
nl,couperus,late,1917,De_komedianten,bernoulli,10,28076,0.9981854725696455,3.7079630640775547,geometric,1.8771546690986725,0.0,1.9480736017139861,3734.558955189874
nl,couperus,late,1917,De_komedianten,bernoulli,11,28076,1.008366766649922,3.7248362094230227,nbinom,0.17116536284447648,0.7429453305521747,0.0,3862.7451157702308
nl,couperus,late,1917,De_komedianten,bernoulli,12,28076,1.0073974699517314,3.7233459570879597,nbinom,0.42611345736077055,0.43977684728452004,0.0,3934.9402990576928
nl,couperus,late,1917,De_komedianten,bernoulli,13,28076,0.9983507930766911,3.708645055798308,geometric,1.8996922508522402,0.0,1.8272065572673455,4074.7540776754904
nl,couperus,late,1917,De_komedianten,bernoulli,14,28076,0.9973128337161543,3.7070184734331093,geometric,1.7313676319026854,0.0,1.737347983274958,3815.2283889853425
nl,couperus,late,1917,De_komedianten,bernoulli,15,28076,1.001577806094684,3.7138961053955626,geometric,1.907839588020579,0.0,1.9311391459195875,3776.4755736528605
nl,couperus,late,1917,De_komedianten,bernoulli,16,28076,1.0057259842235777,3.7206531852120177,geometric,0.7853233214700595,0.0,0.10964695664006285,3862.9686441840313
nl,couperus,late,1917,De_komedianten,bernoulli,17,28076,0.9997689781199438,3.711272721595319,geometric,1.9980181020364398,0.0,1.9993793174799066,3817.5626064283424
nl,couperus,late,1917,De_komedianten,bernoulli,18,28076,1.0010525384571385,3.713390209975276,geometric,1.9589805529394653,0.0,1.9528634901507758,3847.890982595447
nl,couperus,late,1917,De_komedianten,bernoulli,19,28076,0.9998188644921546,3.7112484194078688,geometric,1.9987876467930619,0.0,1.9985155225876952,4025.022331288259
nl,couperus,late,1917,De_komedianten,bernoulli,20,28076,1.0018414048060196,3.714436565255026,geometric,1.8744751741178334,0.0,1.8499141396314371,3848.591395488387
nl,couperus,late,1917,De_komedianten,bernoulli,21,28076,1.0001243581993862,3.711573055500267,geometric,1.9994274474738631,0.0,1.9998234908707673,3816.188127127418
nl,couperus,late,1917,De_komedianten,bernoulli,22,28076,0.9990467605996687,3.7099377983774064,geometric,1.9664743031316902,0.0,1.9225309661123902,4022.6464718799107
nl,couperus,late,1917,De_komedianten,bernoulli,23,28076,0.9992541712135462,3.7102793878973497,geometric,1.9794184032070916,0.0,1.966335759672802,3921.050699849351
nl,couperus,late,1917,De_komedianten,bernoulli,24,28076,0.9885866928667024,3.692223795235002,nbinom,0.5837168436555658,3.4524538349505747,0.0,3904.710026046654
nl,couperus,late,1917,De_komedianten,bernoulli,25,28076,1.0008776765034884,3.712739473234845,geometric,1.9716903995431494,0.0,1.9959380423242692,4085.7594592359674
nl,couperus,late,1917,De_komedianten,bernoulli,26,28076,0.9953066467923264,3.7038310388106503,geometric,1.175169130350696,0.0,1.3242290627968032,3663.3329170967045
nl,couperus,late,1917,De_komedianten,bernoulli,27,28076,0.995255178365045,3.703615489290496,geometric,1.1601846619450953,0.0,1.2814467174757738,3852.5609061534633
nl,couperus,late,1917,De_komedianten,bernoulli,28,28076,1.0018323194578274,3.7143816305600748,geometric,1.8761386137048248,0.0,1.9058648104546592,3943.7878083570686
nl,couperus,late,1917,De_komedianten,bernoulli,29,28076,0.9955019809126036,3.7041765908816755,geometric,1.24700590732391,0.0,1.1814332198846387,3824.0554757073114
nl,couperus,late,1917,De_komedianten,bernoulli,30,28076,1.0071011580321536,3.722707357323743,geometric,0.149926895450335,0.0,0.3081947277096333,3906.198955880027
nl,couperus,late,1917,De_komedianten,bernoulli,31,28076,1.0046770160559795,3.719083625022075,geometric,1.200252507114783,0.0,1.5395071535313036,4029.988461538742
nl,couperus,late,1917,De_komedianten,bernoulli,32,28076,0.9998577644164328,3.7107738221907516,geometric,1.9992467500997009,0.0,1.9963362523267278,3794.6050606268545
nl,couperus,late,1917,De_komedianten,bernoulli,33,28076,1.0048485511031888,3.7195328890672243,geometric,1.133000615547644,0.0,1.0487161481869407,3861.5842461885186
nl,couperus,late,1917,De_komedianten,bernoulli,34,28076,1.0027682626180938,3.7161921321692426,geometric,1.7191173997416627,0.0,1.8651455656508915,4085.049645115563
nl,couperus,late,1917,De_komedianten,bernoulli,35,28076,1.003037192094093,3.716432832801532,geometric,1.6591286739712814,0.0,1.6755069424398243,3802.733133555099
nl,couperus,late,1917,De_komedianten,bernoulli,36,28076,1.0028417276867647,3.7162839514150257,geometric,1.702646191115491,0.0,1.6435197741520824,4083.259813098295
nl,couperus,late,1917,De_komedianten,bernoulli,37,28076,0.9894039212968256,3.6938386441811,nbinom,0.004288118056138046,2.2129434215748915,0.0,3845.240080080388
nl,couperus,late,1917,De_komedianten,bernoulli,38,28076,1.0007908298009578,3.7126024890860867,geometric,1.9767496996646514,0.0,1.9117474999366095,3803.867468530181
nl,couperus,late,1917,De_komedianten,bernoulli,39,28076,1.001172966270219,3.713265205228434,geometric,1.9491236161411507,0.0,1.971161102206679,3820.92911562245
nl,couperus,late,1917,De_komedianten,bernoulli,40,28076,1.0016849929582339,3.7140034056764177,geometric,1.8946160353516461,0.0,1.7691219896369148,3843.0727609142778
nl,couperus,late,1917,De_komedianten,bernoulli,41,28076,0.9992197719087919,3.7103268362349078,geometric,1.9773468039056752,0.0,1.988819303602213,3705.007038464275
nl,couperus,late,1917,De_komedianten,bernoulli,42,28076,0.9987507156257955,3.709483467308566,geometric,1.9423314698797185,0.0,1.9205863295210293,4019.7968181656033
nl,couperus,late,1917,De_komedianten,bernoulli,43,28076,0.9994763383648249,3.7103957219005568,geometric,1.9898690877889749,0.0,1.9467982406786177,3893.5510449174617
nl,couperus,late,1917,De_komedianten,bernoulli,44,28076,0.997623846411725,3.707546928217131,geometric,1.7916330073203426,0.0,1.5283542323450092,3930.3571669812663
nl,couperus,late,1917,De_komedianten,bernoulli,45,28076,0.9961466639865211,3.7050306228052046,geometric,1.4456835771852639,0.0,1.5878496713994537,3790.380602058329
nl,couperus,late,1917,De_komedianten,bernoulli,46,28076,1.0001952465645654,3.7117610165288424,geometric,1.998590685077943,0.0,1.9995822305500042,3939.6175831134897
nl,couperus,late,1917,De_komedianten,bernoulli,47,28076,1.004660106082425,3.7191764139629404,geometric,1.2024699154717382,0.0,1.3022504584805574,3985.947201075207
nl,couperus,late,1917,De_komedianten,bernoulli,48,28076,0.995346123758653,3.7035130319099414,geometric,1.1917992962116841,0.0,1.2234589346044231,3740.9229091438174
nl,couperus,late,1917,De_komedianten,bernoulli,49,28076,0.9878784158780506,3.690870183354531,nbinom,0.00931329517334234,3.529034229723038,0.0,3814.1390346864937
nl,couperus,middle,1900,Langs_lijnen,real,0,17440,1.3579637753786975,5.545492262271143,weibull,0.0,1963.1998847453215,75.01801345431886,6455.905069163535
nl,couperus,middle,1900,Langs_lijnen,shuffled,0,17440,0.9995979688355687,5.084107813105787,geometric,1.996035971591482,0.0,1.9509760334331077,2696.025654901794
nl,couperus,middle,1900,Langs_lijnen,shuffled,1,17440,0.9992492105620219,5.083790903604786,geometric,1.9861136373365298,0.0,1.996664160018554,2724.3519310777483
nl,couperus,middle,1900,Langs_lijnen,shuffled,2,17440,0.9983785534685136,5.081617299095527,geometric,1.9350299319630722,0.0,1.981284094552393,2690.042973850068
nl,couperus,middle,1900,Langs_lijnen,shuffled,3,17440,1.0079509429495173,5.102222822579342,nbinom,0.4749691451434046,0.02220479272364173,0.0,2735.830054481994
nl,couperus,middle,1900,Langs_lijnen,shuffled,4,17440,0.995572983711194,5.0755968695124345,geometric,1.5175682230765233,0.0,1.585552415723214,2935.275464887105
nl,couperus,middle,1900,Langs_lijnen,shuffled,5,17440,1.008921200471577,5.104232199750951,nbinom,0.18408522444951814,0.12229669961379841,0.0,2774.614189504515
nl,couperus,middle,1900,Langs_lijnen,shuffled,6,17440,1.0112716959052632,5.109219571975884,nbinom,0.09773741410754155,1.1797867232671706,0.0,2781.173079104774
nl,couperus,middle,1900,Langs_lijnen,shuffled,7,17440,1.0087224902255465,5.104559236050267,geometric,0.14639773694216274,0.0,0.09540999893215485,2719.1380660883733
nl,couperus,middle,1900,Langs_lijnen,shuffled,8,17440,0.9964201744510087,5.0776506483687065,geometric,1.6836784447077662,0.0,1.7066428419639124,2763.6523334329977
nl,couperus,middle,1900,Langs_lijnen,shuffled,9,17440,1.0071630535407436,5.101034675295397,geometric,0.742168262047926,0.0,0.22048384524532594,2746.0231841888453
nl,couperus,middle,1900,Langs_lijnen,shuffled,10,17440,0.9986200000820638,5.082046067037351,geometric,1.9530517189705279,0.0,1.9911561351909768,2810.502131368703
nl,couperus,middle,1900,Langs_lijnen,shuffled,11,17440,0.9976680922197071,5.080428648013004,geometric,1.8652260687667876,0.0,1.952869477448985,2677.562076051632
nl,couperus,middle,1900,Langs_lijnen,shuffled,12,17440,0.9912914705087409,5.065703638784846,geometric,0.11268202932842541,0.0,0.37033933887141757,2756.3357739713974
nl,couperus,middle,1900,Langs_lijnen,shuffled,13,17440,1.0033049601570219,5.092868467616113,geometric,1.732469891285291,0.0,1.7734646847384283,2693.2394725437334
nl,couperus,middle,1900,Langs_lijnen,shuffled,14,17440,0.9974514427883552,5.079849260642218,geometric,1.8401678031077608,0.0,1.817884790507378,2798.2597488081083
nl,couperus,middle,1900,Langs_lijnen,shuffled,15,17440,1.0114214048278471,5.110416241348483,nbinom,0.2967472120799357,1.4493211804656312,0.0,2962.9868336562795
nl,couperus,middle,1900,Langs_lijnen,shuffled,16,17440,1.0211986668386426,5.1301435996471225,weibull,0.0,8.628773983335122,1.6912472258554772,3072.800671870398
nl,couperus,middle,1900,Langs_lijnen,shuffled,17,17440,0.9972129116649352,5.079211366780644,geometric,1.80943117744755,0.0,1.6717495581397088,2823.8366450547037
nl,couperus,middle,1900,Langs_lijnen,shuffled,18,17440,0.9956459215016413,5.075406502379328,geometric,1.5326046025729738,0.0,1.5046385096211452,2807.4293473691796
nl,couperus,middle,1900,Langs_lijnen,shuffled,19,17440,1.0002508018801795,5.086128781129299,geometric,1.9984589474915992,0.0,1.9995050518627977,2815.4623978666204
nl,couperus,middle,1900,Langs_lijnen,shuffled,20,17440,0.9965341917284571,5.077623784893891,geometric,1.7039848974964116,0.0,1.7158708776405547,2801.195633264637
nl,couperus,middle,1900,Langs_lijnen,shuffled,21,17440,0.9987506514378861,5.082746319484138,geometric,1.9617297098739073,0.0,1.9739864239527378,2928.553059777638
nl,couperus,middle,1900,Langs_lijnen,shuffled,22,17440,1.0022818307083916,5.0904180700118005,geometric,1.873654732858995,0.0,1.9585677130526165,2993.699774816836
nl,couperus,middle,1900,Langs_lijnen,shuffled,23,17440,1.0019852258765072,5.089836307567904,geometric,1.9038511290273163,0.0,1.9312741403846303,2895.493125383946
nl,couperus,middle,1900,Langs_lijnen,shuffled,24,17440,1.0103223741802998,5.107473665072612,weibull,0.0,0.5745840038143797,0.2575257624994265,2877.0811851044855
nl,couperus,middle,1900,Langs_lijnen,shuffled,25,17440,1.0079913559179141,5.1028784723116125,geometric,0.4491597396263387,0.0,0.45407625802909024,2874.578403485124
nl,couperus,middle,1900,Langs_lijnen,shuffled,26,17440,1.0119422635322746,5.111095699875182,weibull,0.0,1.436829910191591,0.32211233164707664,2914.277133848984
nl,couperus,middle,1900,Langs_lijnen,shuffled,27,17440,0.9937060536899783,5.071164473213052,geometric,1.0225636882241815,0.0,1.0012737358629238,2862.4474647829193
nl,couperus,middle,1900,Langs_lijnen,shuffled,28,17440,1.014548881273037,5.115857825345325,nbinom,0.19315098531660624,3.309983683779137,0.0,2797.012806268074
nl,couperus,middle,1900,Langs_lijnen,shuffled,29,17440,0.9907390776315838,5.0639083177251525,weibull,0.0,0.12758348339411896,0.08987081608211156,2831.3106474728993
nl,couperus,middle,1900,Langs_lijnen,shuffled,30,17440,0.9935156552662708,5.070872023013296,geometric,0.9656317560293246,0.0,0.5977868969202973,2851.0627912793425
nl,couperus,middle,1900,Langs_lijnen,shuffled,31,17440,0.9990543840170609,5.082725263015323,geometric,1.97794710942253,0.0,1.9891636990068946,2733.8001630230137
nl,couperus,middle,1900,Langs_lijnen,shuffled,32,17440,1.0034435439131306,5.092178021994883,geometric,1.7105995171878021,0.0,1.7863831102731638,2809.746248864991
nl,couperus,middle,1900,Langs_lijnen,shuffled,33,17440,1.000147215900143,5.084059098566053,geometric,1.9994676311325748,0.0,1.99197271084995,2815.153891651804
nl,couperus,middle,1900,Langs_lijnen,shuffled,34,17440,1.0021865975971629,5.089883004922212,geometric,1.8829787004069658,0.0,1.9026501080807066,2802.7517758158065
nl,couperus,middle,1900,Langs_lijnen,shuffled,35,17440,0.9897743282915326,5.0620429651738625,nbinom,1.5259386340912897,2.083421996663674,0.0,2988.489772332614
nl,couperus,middle,1900,Langs_lijnen,shuffled,36,17440,1.0059874436724632,5.098322549606561,geometric,1.1249248431849992,0.0,1.088593082051375,2792.5864482578327
nl,couperus,middle,1900,Langs_lijnen,shuffled,37,17440,0.9940027505673112,5.072242329530049,geometric,1.1135393832373666,0.0,1.121837251004763,2911.467813275871
nl,couperus,middle,1900,Langs_lijnen,shuffled,38,17440,1.0072487051889862,5.101310145454782,geometric,0.7165380740480032,0.0,0.4656736765173264,2782.6768714908103
nl,couperus,middle,1900,Langs_lijnen,shuffled,39,17440,0.998545565903438,5.082122057551864,geometric,1.9482600750488928,0.0,1.9216252882761182,2941.3720023763453
nl,couperus,middle,1900,Langs_lijnen,shuffled,40,17440,1.0052033450208695,5.096039953608306,geometric,1.3457696952536935,0.0,1.6740562514023622,2940.585687850049
nl,couperus,middle,1900,Langs_lijnen,shuffled,41,17440,1.0009276237086786,5.087400425348385,geometric,1.9788087954948423,0.0,1.966225598778692,2690.489409304617
nl,couperus,middle,1900,Langs_lijnen,shuffled,42,17440,1.00541616361751,5.097220132656393,geometric,1.2805577347171493,0.0,1.0947115466115065,2695.1387222943886
nl,couperus,middle,1900,Langs_lijnen,shuffled,43,17440,0.9979954362433074,5.080448698681982,geometric,1.9020183312240988,0.0,1.7177801458892645,2943.741044358845
nl,couperus,middle,1900,Langs_lijnen,shuffled,44,17440,0.9948948502786683,5.074095686827846,geometric,1.3538288282434223,0.0,1.4894566524308175,2731.654537909024
nl,couperus,middle,1900,Langs_lijnen,shuffled,45,17440,0.9961526432572885,5.07674284781619,geometric,1.63272414408857,0.0,1.7817719134618528,2679.5378950115264
nl,couperus,middle,1900,Langs_lijnen,shuffled,46,17440,1.0093140281607973,5.105868332462542,nbinom,0.15106044057756662,0.25990519815240987,0.0,2839.8111795822188
nl,couperus,middle,1900,Langs_lijnen,shuffled,47,17440,1.002527478273602,5.090868892189034,geometric,1.8434428071777802,0.0,1.787316506539355,2804.85689942466
nl,couperus,middle,1900,Langs_lijnen,shuffled,48,17440,1.002684297627974,5.090937704099044,geometric,1.8225402939860942,0.0,1.6308758527156897,2744.7873669967375
nl,couperus,middle,1900,Langs_lijnen,shuffled,49,17440,1.0013981030115469,5.08803002627163,geometric,1.9521382809034549,0.0,1.924986040132353,2881.267286172748
nl,couperus,middle,1900,Langs_lijnen,bernoulli,0,17440,1.0031345024389444,5.091903129063262,geometric,1.7600340899080038,0.0,1.7648225055017974,2871.329415393775
nl,couperus,middle,1900,Langs_lijnen,bernoulli,1,17440,1.0016799046858769,5.088931723569955,geometric,1.9312498480867362,0.0,1.988023364043329,2877.750365425163
nl,couperus,middle,1900,Langs_lijnen,bernoulli,2,17440,1.0060790329567475,5.098625746391566,geometric,1.1081432114879135,0.0,1.527779218973592,2951.653900655874
nl,couperus,middle,1900,Langs_lijnen,bernoulli,3,17440,0.9917770456252955,5.0659756390989354,geometric,0.31271423581347335,0.0,0.7909566999878734,2712.6508789513755
nl,couperus,middle,1900,Langs_lijnen,bernoulli,4,17440,1.0025476937103646,5.090964543817874,geometric,1.8411793267150642,0.0,1.820684300037101,2856.4074970112997
nl,couperus,middle,1900,Langs_lijnen,bernoulli,5,17440,1.0034025768197317,5.092861997750653,geometric,1.7152980021201074,0.0,1.462760391033953,2782.9819301060925
nl,couperus,middle,1900,Langs_lijnen,bernoulli,6,17440,1.0021441556059416,5.089888798303281,geometric,1.8882711008482147,0.0,1.9729013757023495,2941.67248105038
nl,couperus,middle,1900,Langs_lijnen,bernoulli,7,17440,1.001891314597115,5.089456635178022,geometric,1.9127386671316344,0.0,1.930258751672227,2917.5212859584717
nl,couperus,middle,1900,Langs_lijnen,bernoulli,8,17440,1.0083035910361935,5.103516731329348,geometric,0.3225427286379272,0.0,0.20830635669699404,2821.485888539042
nl,couperus,middle,1900,Langs_lijnen,bernoulli,9,17440,1.001396601316714,5.088074149746792,geometric,1.9525671945884824,0.0,1.9999743188818684,2910.4829551384464
nl,couperus,middle,1900,Langs_lijnen,bernoulli,10,17440,1.013956999044678,5.11527746083776,weibull,0.0,2.704715543644852,0.2039280520984903,2772.6216824594303
nl,couperus,middle,1900,Langs_lijnen,bernoulli,11,17440,1.0047963669835407,5.095753766533814,geometric,1.4349835059401812,0.0,1.1889741154300282,2697.8733352612326
nl,couperus,middle,1900,Langs_lijnen,bernoulli,12,17440,0.9958872273164798,5.076345589449868,geometric,1.582683762491797,0.0,1.525913863471942,2761.27937151496
nl,couperus,middle,1900,Langs_lijnen,bernoulli,13,17440,1.0090824974482953,5.10511262442491,nbinom,0.3848793826182373,0.39640907001739834,0.0,2781.5171622541675
nl,couperus,middle,1900,Langs_lijnen,bernoulli,14,17440,0.985442058223801,5.051581976983577,nbinom,0.46087103874015156,3.7272383089293726,0.0,2870.881718615943
nl,couperus,middle,1900,Langs_lijnen,bernoulli,15,17440,1.0044701128857962,5.094224196867401,geometric,1.5156989868410164,0.0,1.7063529171282426,2942.07253175971
nl,couperus,middle,1900,Langs_lijnen,bernoulli,16,17440,0.9976657319385556,5.080286461904385,geometric,1.8668737927946495,0.0,1.694685137423221,2900.352444575692
nl,couperus,middle,1900,Langs_lijnen,bernoulli,17,17440,0.9954228154815221,5.075380631444215,geometric,1.4842862758523552,0.0,1.5246554383047624,2954.700593945847
nl,couperus,middle,1900,Langs_lijnen,bernoulli,18,17440,0.9938957192507121,5.069872739987361,geometric,1.072856277198298,0.0,1.4113901145174168,2730.1673877493886
nl,couperus,middle,1900,Langs_lijnen,bernoulli,19,17440,1.0018227277339293,5.089483640682318,geometric,1.9187276337179355,0.0,1.898743425757857,2877.7016759566613
nl,couperus,middle,1900,Langs_lijnen,bernoulli,20,17440,1.00520881091678,5.0967161837530455,geometric,1.3400022058340255,0.0,1.3077640583360335,2953.0682601381413
nl,couperus,middle,1900,Langs_lijnen,bernoulli,21,17440,0.9905201641273578,5.06339035846343,weibull,0.0,0.2476214446069207,0.5831090831925394,2714.7006050314376
nl,couperus,middle,1900,Langs_lijnen,bernoulli,22,17440,1.005609190686548,5.097182734522322,geometric,1.235733365523629,0.0,1.405033681774512,2863.0270117391337
nl,couperus,middle,1900,Langs_lijnen,bernoulli,23,17440,0.9956754716818053,5.0759475454751755,geometric,1.5348959647817537,0.0,1.7383240126800956,2640.6295307001565
nl,couperus,middle,1900,Langs_lijnen,bernoulli,24,17440,1.0041994027957137,5.09443474278198,geometric,1.5729778535605874,0.0,1.8126024247176247,2944.2478259279014
nl,couperus,middle,1900,Langs_lijnen,bernoulli,25,17440,1.0051150790279122,5.096457444872861,geometric,1.3634083560464205,0.0,1.495232554661925,2850.558290281857
nl,couperus,middle,1900,Langs_lijnen,bernoulli,26,17440,0.9998545257561666,5.085135605271007,geometric,1.9994787420000648,0.0,1.9915739114076132,2755.307881976085
nl,couperus,middle,1900,Langs_lijnen,bernoulli,27,17440,1.0145187123176573,5.116729666074807,weibull,0.0,3.0799842196138343,0.11680090356094297,2855.4031096863328
nl,couperus,middle,1900,Langs_lijnen,bernoulli,28,17440,0.9944801719112382,5.072506345875958,geometric,1.2559287802432664,0.0,0.8027999603364151,3023.5164194540703
nl,couperus,middle,1900,Langs_lijnen,bernoulli,29,17440,1.0047597036106457,5.095928976553624,geometric,1.4469966627075337,0.0,1.4492865901702316,2803.3875636019657
nl,couperus,middle,1900,Langs_lijnen,bernoulli,30,17440,0.9930251366543519,5.069857042269671,geometric,0.7998062718834262,0.0,0.5555089801491704,2786.864702855819
nl,couperus,middle,1900,Langs_lijnen,bernoulli,31,17440,1.0130474646215561,5.112803934104003,weibull,0.0,2.078752298024483,0.5964918566169217,3034.578105138935
nl,couperus,middle,1900,Langs_lijnen,bernoulli,32,17440,1.0137074717466543,5.115259032697402,nbinom,0.10753369636950083,2.646150946558919,0.0,2849.04729688089
nl,couperus,middle,1900,Langs_lijnen,bernoulli,33,17440,1.0060256782771333,5.0981993263128,geometric,1.1191905504529132,0.0,1.1387864388379967,2951.900420840495
nl,couperus,middle,1900,Langs_lijnen,bernoulli,34,17440,0.9958020421299019,5.0760796101639745,geometric,1.5689583656203467,0.0,1.3321347531746142,2972.8327189756237
nl,couperus,middle,1900,Langs_lijnen,bernoulli,35,17440,0.9930509662577076,5.069338595710296,geometric,0.8068068741995376,0.0,0.7263352947775275,2831.8169543604017
nl,couperus,middle,1900,Langs_lijnen,bernoulli,36,17440,0.9982798440396861,5.081188330279964,geometric,1.9277041118621128,0.0,1.8074202837160556,2882.3506161078403
nl,couperus,middle,1900,Langs_lijnen,bernoulli,37,17440,1.0053063383259173,5.0959502792847635,geometric,1.3154789734835504,0.0,1.4579097545647528,2852.6146771128697
nl,couperus,middle,1900,Langs_lijnen,bernoulli,38,17440,0.9992604869954131,5.083648465289601,geometric,1.9866138143261196,0.0,1.9642192746105138,2869.215457400278
nl,couperus,middle,1900,Langs_lijnen,bernoulli,39,17440,1.0111752732305819,5.108781402287993,nbinom,0.1308456527767703,1.1616647181799635,0.0,2791.6544708441943
nl,couperus,middle,1900,Langs_lijnen,bernoulli,40,17440,0.9902502691190959,5.063382112588982,nbinom,0.6517088502441766,0.994368355430197,0.0,2889.618555415058
nl,couperus,middle,1900,Langs_lijnen,bernoulli,41,17440,1.0041168246972996,5.0945867359857075,geometric,1.5852922085032333,0.0,1.4804457807331346,2825.6293787936593
nl,couperus,middle,1900,Langs_lijnen,bernoulli,42,17440,1.0075093707485174,5.101958458271029,geometric,0.6295293129078345,0.0,0.7034883512824308,2821.960170651859
nl,couperus,middle,1900,Langs_lijnen,bernoulli,43,17440,0.9993232904037801,5.084073058507448,geometric,1.9887525925296359,0.0,1.9887540436320705,2804.9781248398067
nl,couperus,middle,1900,Langs_lijnen,bernoulli,44,17440,1.006828511216297,5.099522191027567,geometric,0.8536938694305718,0.0,0.3473363205266651,2633.6132851039
nl,couperus,middle,1900,Langs_lijnen,bernoulli,45,17440,1.0029528211931995,5.091168979470708,geometric,1.7865609847794985,0.0,1.8142521575791761,2741.4334231352404
nl,couperus,middle,1900,Langs_lijnen,bernoulli,46,17440,0.989395020546925,5.060926641066324,weibull,0.0,0.8147563980019186,0.4187779168714769,2651.585710263491
nl,couperus,middle,1900,Langs_lijnen,bernoulli,47,17440,1.002652661115923,5.090966213410367,geometric,1.8279091434524162,0.0,1.843774674431188,2803.682155355942
nl,couperus,middle,1900,Langs_lijnen,bernoulli,48,17440,1.0004947782785578,5.086437026435141,geometric,1.9940201271674596,0.0,1.9999920007830951,2904.4057587700954
nl,couperus,middle,1900,Langs_lijnen,bernoulli,49,17440,1.0017365554646547,5.088388177121101,geometric,1.9255877178511582,0.0,1.7440939298830926,2734.3054114751867
